code,name,classification,,,,,,,,,,,
01 ,"Landbouw, jacht en dienstverlening voor de landbouw en jacht ",0,,,,,,,,,,,
11,Teelt van eenjarige gewassen,0,,,,,,,,,,,
111,"Teelt van granen, peulvruchten en oliehoudende zaden",0,,,,,,,,,,,
113,Teelt van groenten en wortel- en knolgewassen,0,,,,,,,,,,,
1131,Teelt van groenten in de volle grond,0,,,,,,,,,,,
1132,Teelt van groenten onder glas,0,,,,,,,,,,,
1133,Teelt van paddenstoelen,0,,,,,,,,,,,
1134,Teelt van aardappels en overige wortel- en knolgewassen,0,,,,,,,,,,,
116,Teelt van vezelgewassen,0,,,,,,,,,,,
119,Teelt van overige eenjarige gewassen,0,,,,,,,,,,,
1191,Teelt van snijbloemen en snijheesters in de volle grond,0,,,,,,,,,,,
1192,Teelt van snijbloemen en snijheesters onder glas,0,,,,,,,,,,,
1193,Teelt van voedergewassen,0,,,,,,,,,,,
1199,Teelt van overige eenjarige gewassen (rest),0,,,,,,,,,,,
12,Teelt van meerjarige gewassen,0,,,,,,,,,,,
121,Druiventeelt,0,,,,,,,,,,,
124,Teelt van hardfruit en steenvruchten,0,,,,,,,,,,,
1241,Teelt van appels en peren,0,,,,,,,,,,,
1242,Teelt van steenvruchten,0,,,,,,,,,,,
125,"Teelt van overige boomvruchten, kleinfruit en noten",0,,,,,,,,,,,
1251,Teelt van aardbeien in de volle grond,0,,,,,,,,,,,
1252,Teelt van aardbeien onder glas,0,,,,,,,,,,,
1253,Teelt van houtig kleinfruit in de volle grond (incl. overige boomvruchten en noten),0,,,,,,,,,,,
1254,Teelt van houtig kleinfruit onder glas,0,,,,,,,,,,,
127,Teelt van gewassen bestemd voor de vervaardiging van dranken,0,,,,,,,,,,,
128,Teelt van specerijgewassen en van aromatische en medicinale gewassen,0,,,,,,,,,,,
129,Teelt van overige meerjarige gewassen,0,,,,,,,,,,,
013 ,Teelt van sierplanten,0,,,,,,,,,,,
130,Teelt van sierplanten,0,,,,,,,,,,,
1301,Teelt van bloembollen,0,,,,,,,,,,,
1302,Teelt van perkplanten in de volle grond,0,,,,,,,,,,,
1303,Teelt van perkplanten onder glas,0,,,,,,,,,,,
1304,Teelt van potplanten onder glas             ,0,,,,,,,,,,,
1305,Teelt van boomkwekerijgewassen in de volle grond,0,,,,,,,,,,,
1309,Teelt van overige sierplanten in de volle grond,0,,,,,,,,,,,
14,Fokken en houden van dieren,0,,,,,,,,,,,
141,Fokken en houden van melkvee,0,,,,,,,,,,,
1411,Houden van melkvee,0,,,,,,,,,,,
1412,Opfokken van jongvee voor de melkveehouderij,0,,,,,,,,,,,
142,Fokken en houden van runderen (geen melkvee),0,,,,,,,,,,,
1421,Houden van vleeskalveren,0,,,,,,,,,,,
1422,Overige vleesveehouderij en zoogkoeienbedrijven,0,,,,,,,,,,,
143,Fokken en houden van paarden en ezels,0,,,,,,,,,,,
145,Fokken en houden van schapen en geiten,0,,,,,,,,,,,
1451,Fokken en houden van schapen,0,,,,,,,,,,,
1452,Fokken en houden van geiten                                                                                                                                                                                                                                        ,0,,,,,,,,,,,
146,Fokken en houden van varkens,0,,,,,,,,,,,
1461,Fokvarkens- en vermeerderingsbedrijven,0,,,,,,,,,,,
1462,Vleesvarkensbedrijven,0,,,,,,,,,,,
1463,Gesloten en deels gesloten varkensbedrijven,0,,,,,,,,,,,
147,Opfokken en/of houden van pluimvee,0,,,,,,,,,,,
1471,Opfokken en/of houden van  leghennen,0,,,,,,,,,,,
1472,Opfokken en/of houden van vleeskuikens ,0,,,,,,,,,,,
1473,Opfokken en/of houden van ouderdieren van leghennen en vleeskuikens,0,,,,,,,,,,,
1479,Opfokken en/of houden van overig pluimvee,0,,,,,,,,,,,
149,Fokken en houden van overige dieren,0,,,,,,,,,,,
1491,Fokken en houden van edelpelsdieren,0,,,,,,,,,,,
1499,Fokken en houden van overige dieren (rest),0,,,,,,,,,,,
015 ,Akker- en/of tuinbouw in combinatie met het fokken en houden van dieren ,0,,,,,,,,,,,
150,Akker- en/of tuinbouw in combinatie met het fokken en houden van dieren ,0,,,,,,,,,,,
16,Dienstverlening voor de landbouw; behandeling van gewassen en zaden na de oogst,0,,,,,,,,,,,
161,Dienstverlening voor de akker- en/of tuinbouw ,0,,,,,,,,,,,
162,Dienstverlening voor het fokken en houden van dieren ,0,,,,,,,,,,,
163,Behandeling van gewassen na de oogst,0,,,,,,,,,,,
164,Behandeling van zaden voor vermeerdering,0,,,,,,,,,,,
17,Jacht,0,,,,,,,,,,,
170,Jacht,0,,,,,,,,,,,
2,"Bosbouw, exploitatie van bossen en dienstverlening voor de bosbouw",0,,,,,,,,,,,
21,Bosbouw,0,,,,,,,,,,,
210,Bosbouw,0,,,,,,,,,,,
22,Exploitatie van bossen,0,,,,,,,,,,,
220,Exploitatie van bossen,0,,,,,,,,,,,
24,Dienstverlening voor de bosbouw,0,,,,,,,,,,,
240,Dienstverlening voor de bosbouw,0,,,,,,,,,,,
03 ,Visserij en kweken van vis en schaaldieren ,0,,,,,,,,,,,
031 ,Visserij,0,,,,,,,,,,,
311,Zee- en kustvisserij,0,,,,,,,,,,,
312,Binnenvisserij,0,,,,,,,,,,,
032 ,Kweken van vis en schaaldieren ,0,,,,,,,,,,,
321,Kweken van zeevis en -schaaldieren,0,,,,,,,,,,,
322,Kweken van zoetwatervis en -schaaldieren,0,,,,,,,,,,,
B,Winning van delfstoffen ,0,,,,,,,,,,,
6,Winning van aardolie en aardgas,0,,,,,,,,,,,
61,Winning van aardolie,0,,,,,,,,,,,
610,Winning van aardolie,0,,,,,,,,,,,
62,Winning van aardgas,0,,,,,,,,,,,
620,Winning van aardgas,0,,,,,,,,,,,
8,Winning van delfstoffen (geen olie en gas),0,,,,,,,,,,,
81,"Winning van zand, grind en klei",0,,,,,,,,,,,
812,"Winning van zand, grind en klei",0,,,,,,,,,,,
089 ,Winning van overige delfstoffen,0,,,,,,,,,,,
892,Winning van turf ,0,,,,,,,,,,,
893,Winning van zout,0,,,,,,,,,,,
899,Winning van overige delfstoffen (rest),0,,,,,,,,,,,
9,Dienstverlening voor de winning van delfstoffen ,0,,,,,,,,,,,
91,Dienstverlening voor de winning van aardolie en aardgas,0,,,,,,,,,,,
910,Dienstverlening voor de winning van aardolie en aardgas,0,,,,,,,,,,,
099 ,Dienstverlening voor de winning van delfstoffen (geen olie en gas),0,,,,,,,,,,,
990,Dienstverlening voor de winning van delfstoffen (geen olie en gas),0,,,,,,,,,,,
 C,Industrie,0,,,,,,,,,,,
10,Vervaardiging van voedingsmiddelen,0,,,,,,,,,,,
101 ,Slachterijen en vleesverwerking,0,,,,,,,,,,,
1011,Slachterijen (geen pluimvee-),0,,,,,,,,,,,
1012,Pluimveeslachterijen,0,,,,,,,,,,,
1013,Vleesverwerking (niet tot maaltijden),0,,,,,,,,,,,
102,Visverwerking,0,,,,,,,,,,,
1020,Visverwerking,0,,,,,,,,,,,
103,"Verwerking van aardappels, groente en fruit",0,,,,,,,,,,,
1031,Vervaardiging van aardappelproducten,0,,,,,,,,,,,
1032,Vervaardiging van fruit- en groentesap,0,,,,,,,,,,,
1039,Verwerking van groente en fruit (niet tot sap en maaltijden),0,,,,,,,,,,,
104,Vervaardiging van plantaardige en dierlijke oliën en vetten ,0,,,,,,,,,,,
1041,Vervaardiging van plantaardige en dierlijke oliën en vetten (geen margarine en andere spijsvetten),0,,,,,,,,,,,
1042,Vervaardiging van margarine en overige spijsvetten,0,,,,,,,,,,,
105 ,Vervaardiging van zuivelproducten,0,,,,,,,,,,,
1051,Vervaardiging van zuivelproducten (geen consumptie-ijs),0,,,,,,,,,,,
1052,Vervaardiging van consumptie-ijs,0,,,,,,,,,,,
106,Vervaardiging van meel,0,,,,,,,,,,,
1061,Vervaardiging van meel (geen zetmeel),0,,,,,,,,,,,
1062,Vervaardiging van zetmeel en zetmeelproducten,0,,,,,,,,,,,
107,"Vervaardiging van brood, banketbakkerswerk en deegwaren",0,,,,,,,,,,,
1071,Vervaardiging van brood en vers banketbakkerswerk,0,,,,,,,,,,,
1072,Vervaardiging van beschuit en koekjes en ander houdbaar banketbakkerswerk,0,,,,,,,,,,,
1073,Vervaardiging van deegwaren,0,,,,,,,,,,,
108 ,Vervaardiging van overige voedingsmiddelen,0,,,,,,,,,,,
1081,Vervaardiging van suiker,0,,,,,,,,,,,
1082,Verwerking van cacao en vervaardiging van chocolade en suikerwerk,0,,,,,,,,,,,
10821,Verwerking van cacao,0,,,,,,,,,,,
10822,Vervaardiging van chocolade en suikerwerk,0,,,,,,,,,,,
1083,Verwerking van koffie en thee,0,,,,,,,,,,,
1084,"Vervaardiging van specerijen, sauzen en kruiderijen; zoutraffinage",0,,,,,,,,,,,
1085,Vervaardiging van kant-en-klaarmaaltijden en snacks,0,,,,,,,,,,,
1086,Vervaardiging van gehomogeniseerde voedingspreparaten en dieetvoeding,0,,,,,,,,,,,
1089,Vervaardiging van overige voedingsmiddelen (rest),0,,,,,,,,,,,
109,Vervaardiging van diervoeders,0,,,,,,,,,,,
1091,Vervaardiging van veevoeders,0,,,,,,,,,,,
1092,Vervaardiging van voeders voor huisdieren,0,,,,,,,,,,,
11 ,Vervaardiging van dranken,0,,,,,,,,,,,
110,Vervaardiging van dranken,0,,,,,,,,,,,
1101,"Vervaardiging van sterk alcoholische dranken door distilleren, rectificeren en mengen",0,,,,,,,,,,,
1102,Vervaardiging van wijn uit druiven,0,,,,,,,,,,,
1103,Vervaardiging van cider en van overige vruchtenwijnen,0,,,,,,,,,,,
1104,Vervaardiging van overige niet-gedistilleerde gegiste dranken,0,,,,,,,,,,,
1105,Vervaardiging van bier,0,,,,,,,,,,,
1106,Mouterijen,0,,,,,,,,,,,
1107,Vervaardiging van frisdranken; productie van mineraalwater en overig gebotteld water,0,,,,,,,,,,,
12,Vervaardiging van tabaksproducten,0,,,,,,,,,,,
120 ,Vervaardiging van tabaksproducten,0,,,,,,,,,,,
1200,Vervaardiging van tabaksproducten,0,,,,,,,,,,,
13 ,Vervaardiging van textiel,0,,,,,,,,,,,
131,Bewerken en spinnen van textielvezels,0,,,,,,,,,,,
1310,Bewerken en spinnen van textielvezels,0,,,,,,,,,,,
132,Weven van textiel,0,,,,,,,,,,,
1320,Weven van textiel,0,,,,,,,,,,,
133,Textielveredeling,0,,,,,,,,,,,
1330,Textielveredeling,0,,,,,,,,,,,
139,Vervaardiging van overige textielproducten,0,,,,,,,,,,,
1391,Vervaardiging van gebreide en gehaakte stoffen,0,,,,,,,,,,,
1392,Vervaardiging van geconfectioneerde artikelen van textiel (geen kleding),0,,,,,,,,,,,
1393,Vervaardiging van vloerkleden en tapijt,0,,,,,,,,,,,
1394,"Vervaardiging van koord, bindgaren, touw en netten",0,,,,,,,,,,,
1395,Vervaardiging van gebonden textielvlies en artikelen daarvan (geen kleding),0,,,,,,,,,,,
1396,Vervaardiging van technisch en industrieel textiel,0,,,,,,,,,,,
1399,Vervaardiging van overige textielproducten (rest),0,,,,,,,,,,,
14 ,Vervaardiging van kleding,0,,,,,,,,,,,
141,Vervaardiging van kleding (geen bontkleding),0,,,,,,,,,,,
1411,Vervaardiging van kleding van leer,0,,,,,,,,,,,
1412,Vervaardiging van werkkleding,0,,,,,,,,,,,
1413,Vervaardiging van overige bovenkleding,0,,,,,,,,,,,
1414,Vervaardiging van onderkleding,0,,,,,,,,,,,
1419,Vervaardiging van baby- en sportkleding en kledingaccessoires,0,,,,,,,,,,,
142,Vervaardiging van artikelen van bont,0,,,,,,,,,,,
1420,Vervaardiging van artikelen van bont,0,,,,,,,,,,,
143,Vervaardiging van gebreide en gehaakte kleding,0,,,,,,,,,,,
1431,Vervaardiging van gebreide en gehaakte kousen en sokken,0,,,,,,,,,,,
1439,Vervaardiging van gebreide en gehaakte kleding (geen kousen en sokken),0,,,,,,,,,,,
15,"Vervaardiging van leer, lederwaren en schoenen",0,,,,,,,,,,,
151,"Looien en bewerken van leer; vervaardiging van koffers, tassen, zadel- en tuigmakerswerk; bereiden en verven van bont",0,,,,,,,,,,,
1511,Looien en bewerken van leer; bereiden en verven van bont,0,,,,,,,,,,,
1512,"Vervaardiging van koffers, tassen e.d. en van zadel- en tuigmakerswerk",0,,,,,,,,,,,
152,Vervaardiging van schoenen,0,,,,,,,,,,,
1520,Vervaardiging van schoenen,0,,,,,,,,,,,
16,"Primaire houtbewerking en vervaardiging van artikelen van hout, kurk, riet en vlechtwerk ( geen meubels) ",0,,,,,,,,,,,
161,Primaire houtbewerking en verduurzamen van hout,0,,,,,,,,,,,
1610,Primaire houtbewerking en verduurzamen van hout,0,,,,,,,,,,,
16101,Zagen en schaven en overige primaire houtbewerking,0,,,,,,,,,,,
16102,Verduurzamen van hout,0,,,,,,,,,,,
162,"Vervaardiging van artikelen van hout, kurk, riet en vlechtwerk (geen meubels)",0,,,,,,,,,,,
1621,Vervaardiging van fineer en plaatmateriaal op basis van hout,0,,,,,,,,,,,
1622,Vervaardiging van panelen voor parketvloeren,0,,,,,,,,,,,
1623,Vervaardiging van overig timmerwerk voor de bouw ,0,,,,,,,,,,,
16231,"Vervaardiging van deuren, ramen en kozijnen van hout",0,,,,,,,,,,,
16239,"Vervaardiging van overig timmerwerk voor de bouw (geen deuren, ramen en kozijnen)",0,,,,,,,,,,,
1624,Vervaardiging van houten emballage,0,,,,,,,,,,,
1629,"Vervaardiging van overige artikelen van hout en van artikelen van kurk, riet en vlechtwerk (geen meubels)",0,,,,,,,,,,,
17,"Vervaardiging van papier, karton en papier- en kartonwaren ",0,,,,,,,,,,,
171,"Vervaardiging van papierpulp, papier en karton",0,,,,,,,,,,,
1711,Vervaardiging van papierpulp,0,,,,,,,,,,,
1712,Vervaardiging van papier en karton,0,,,,,,,,,,,
17121,Vervaardiging van grafisch papier en karton,0,,,,,,,,,,,
17122,Vervaardiging van papier en karton voor verpakking,0,,,,,,,,,,,
17129,Vervaardiging van papier en karton (geen grafisch en niet voor verpakking),0,,,,,,,,,,,
172,Vervaardiging van papier- en kartonwaren,0,,,,,,,,,,,
1721,Vervaardiging van verpakkingsmiddelen van papier en karton; vervaardiging van golfpapier en -karton,0,,,,,,,,,,,
17211,Vervaardiging van verpakkingsmiddelen van papier en karton,0,,,,,,,,,,,
17212,Vervaardiging van golfpapier en -karton,0,,,,,,,,,,,
1722,Vervaardiging van huishoudelijke en sanitaire papierwaren,0,,,,,,,,,,,
1723,Vervaardiging van kantoorbenodigdheden van papier,0,,,,,,,,,,,
1724,Vervaardiging van behangselpapier,0,,,,,,,,,,,
1729,Vervaardiging van overige papier- en kartonwaren ,0,,,,,,,,,,,
18,"Drukkerijen, reproductie van opgenomen media",0,,,,,,,,,,,
181,Drukkerijen en dienstverlening voor drukkerijen,0,,,,,,,,,,,
1811,Drukkerijen van dagbladen,0,,,,,,,,,,,
1812,Overige drukkerijen,0,,,,,,,,,,,
18121,Drukkerijen van boeken e.d.,0,,,,,,,,,,,
18122,Drukkerijen van tijdschriften ,0,,,,,,,,,,,
18123,Drukkerijen van reclame,0,,,,,,,,,,,
18124,Drukkerijen van verpakkingen,0,,,,,,,,,,,
18125,Drukkerijen van formulieren,0,,,,,,,,,,,
18129,Overige drukkerijen (rest) ,0,,,,,,,,,,,
1813,Prepress- en premedia-activiteiten,0,,,,,,,,,,,
1814,Grafische afwerking en overige activiteiten verwant aan de drukkerij ,0,,,,,,,,,,,
182,Reproductie van opgenomen media,0,,,,,,,,,,,
1820,Reproductie van opgenomen media,0,,,,,,,,,,,
19,Vervaardiging van cokesovenproducten en aardolieverwerking,0,,,,,,,,,,,
191,Vervaardiging van cokesovenproducten,0,,,,,,,,,,,
1910,Vervaardiging van cokesovenproducten,0,,,,,,,,,,,
192,Aardolieverwerking,0,,,,,,,,,,,
1920,Aardolieverwerking,0,,,,,,,,,,,
19201,Aardolieraffinage,0,,,,,,,,,,,
19202,Aardolieverwerking (geen -raffinage),0,,,,,,,,,,,
20,Vervaardiging van chemische producten,0,,,,,,,,,,,
201,"Vervaardiging van chemische basisproducten, kunstmeststoffen en stikstofverbindingen en van",0,,,,,,,,,,,
2011,Vervaardiging van industriële gassen,0,,,,,,,,,,,
2012,Vervaardiging van kleur- en verfstoffen,0,,,,,,,,,,,
2013,Vervaardiging van overige anorganische basischemicaliën ,0,,,,,,,,,,,
2014,Vervaardiging van overige organische basischemicaliën ,0,,,,,,,,,,,
20141,Vervaardiging van petrochemische producten,0,,,,,,,,,,,
20149,Vervaardiging van overige organische basischemicaliën (geen petrochemische producten),0,,,,,,,,,,,
2015,Vervaardiging van meststoffen en stikstofverbindingen,0,,,,,,,,,,,
2016,Vervaardiging van kunststof in primaire vorm,0,,,,,,,,,,,
2017,Vervaardiging van synthetische rubber in primaire vorm,0,,,,,,,,,,,
202,Vervaardiging van verdelgingsmiddelen en overige landbouwchemicaliën,0,,,,,,,,,,,
2020,Vervaardiging van verdelgingsmiddelen en overige landbouwchemicaliën,0,,,,,,,,,,,
203,"Vervaardiging van verf, vernis e.d., drukinkt en mastiek",0,,,,,,,,,,,
2030,"Vervaardiging van verf, vernis e.d., drukinkt en mastiek",0,,,,,,,,,,,
204,"Vervaardiging van zeep, wasmiddelen, poets- en reinigingsmiddelen, parfums en cosmetica",0,,,,,,,,,,,
2041," Vervaardiging van zeep, wasmiddelen, poets- en reinigingsmiddelen",0,,,,,,,,,,,
2042,Vervaardiging van parfums en cosmetica,0,,,,,,,,,,,
205,Vervaardiging van overige chemische producten,0,,,,,,,,,,,
2051,Vervaardiging van kruit en springstoffen en van lucifers,0,,,,,,,,,,,
2052,Vervaardiging van lijm en bereide kleefmiddelen,0,,,,,,,,,,,
2053,Vervaardiging van etherische oliën,0,,,,,,,,,,,
2059,Vervaardiging van overige chemische producten (rest),0,,,,,,,,,,,
206,Vervaardiging van synthetische en kunstmatige vezels,0,,,,,,,,,,,
2060,Vervaardiging van synthetische en kunstmatige vezels,0,,,,,,,,,,,
21,Vervaardiging van farmaceutische grondstoffen en producten,0,,,,,,,,,,,
211,Vervaardiging van farmaceutische grondstoffen,0,,,,,,,,,,,
2110,Vervaardiging van farmaceutische grondstoffen,0,,,,,,,,,,,
212,Vervaardiging van farmaceutische producten (geen grondstoffen),0,,,,,,,,,,,
2120,Vervaardiging van farmaceutische producten (geen grondstoffen),0,,,,,,,,,,,
22,Vervaardiging van producten van rubber en kunststof,0,,,,,,,,,,,
221,Vervaardiging van producten van rubber,0,,,,,,,,,,,
2211,Vervaardiging van rubberbanden en loopvlakvernieuwing,0,,,,,,,,,,,
2219,Vervaardiging van producten van rubber (geen banden),0,,,,,,,,,,,
222,Vervaardiging van producten van kunststof,0,,,,,,,,,,,
2221,"Vervaardiging van platen, folie, buizen en profielen van kunststof",0,,,,,,,,,,,
2222,Vervaardiging van verpakkingsmiddelen van kunststof,0,,,,,,,,,,,
2223,Vervaardiging van kunststofproducten voor de bouw,0,,,,,,,,,,,
2229,Vervaardiging van overige producten van kunststof,0,,,,,,,,,,,
23,Vervaardiging van overige niet-metaalhoudende minerale producten,0,,,,,,,,,,,
231,Vervaardiging van glas en glaswerk,0,,,,,,,,,,,
2311,Vervaardiging van vlakglas,0,,,,,,,,,,,
2312,Vormen en bewerken van vlakglas,0,,,,,,,,,,,
2313,Vervaardiging van holglas,0,,,,,,,,,,,
2314,Vervaardiging van glasvezels,0,,,,,,,,,,,
2319,"Vervaardiging en bewerking van overig glas,  inclusief technisch glaswerk",0,,,,,,,,,,,
232,Vervaardiging van vuurvaste keramische producten,0,,,,,,,,,,,
2320,Vervaardiging van vuurvaste keramische  producten,0,,,,,,,,,,,
233,Vervaardiging van producten van klei voor de bouw ,0,,,,,,,,,,,
2331,Vervaardiging van keramische tegels en plavuizen,0,,,,,,,,,,,
2332,Vervaardiging van producten van klei voor de bouw (geen tegels en plavuizen),0,,,,,,,,,,,
234,Vervaardiging van overige keramische producten,0,,,,,,,,,,,
2341,Vervaardiging van huishoudelijk en sieraardewerk,0,,,,,,,,,,,
2342,Vervaardiging van sanitair aardewerk,0,,,,,,,,,,,
2343,Vervaardiging van electrische isolatoren en isolerende fittingen van keramische stoffen,0,,,,,,,,,,,
2344,Vervaardiging van overig technisch aardewerk,0,,,,,,,,,,,
2349,Vervaardiging van overige keramische producten (rest),0,,,,,,,,,,,
235,"Vervaardiging van cement, kalk en gips",0,,,,,,,,,,,
2351,Vervaardiging van cement,0,,,,,,,,,,,
2352,Vervaardiging van kalk en gips,0,,,,,,,,,,,
236,"Vervaardiging van producten van beton, gips en cement",0,,,,,,,,,,,
2361,"Vervaardiging van producten voor de bouw van beton, kalkzandsteen en van cellenbeton",0,,,,,,,,,,,
23611,Vervaardiging van producten voor de bouw van beton,0,,,,,,,,,,,
23612,Vervaardiging van producten voor de bouw van kalkzandsteen en cellenbeton,0,,,,,,,,,,,
2362,Vervaardiging van producten voor de bouw van gips,0,,,,,,,,,,,
2363,Vervaardiging van stortklare beton,0,,,,,,,,,,,
2364,Vervaardiging van mortel in droge vorm,0,,,,,,,,,,,
2365,Vervaardiging van producten van vezelcement,0,,,,,,,,,,,
2369,"Vervaardiging van overige producten van beton, gips en cement",0,,,,,,,,,,,
237,Natuursteenbewerking,0,,,,,,,,,,,
2370,Natuursteenbewerking,0,,,,,,,,,,,
239,Vervaardiging van overige niet-metaalhoudende minerale producten,0,,,,,,,,,,,
2391,"Vervaardiging van schuur-, slijp- en polijstmiddelen",0,,,,,,,,,,,
2399,"Vervaardiging van overige niet-metaalhoudende minerale producten (geen schuur-, slijp- en polijstmiddelen)",0,,,,,,,,,,,
24,Vervaardiging van metalen in primaire vorm,0,,,,,,,,,,,
241,Vervaardiging van ijzer en staal en van ferrolegeringen,0,,,,,,,,,,,
2410,Vervaardiging van ijzer en staal en van ferrolegeringen,0,,,,,,,,,,,
242 ,"Vervaardiging van stalen buizen, pijpen, holle profielen en fittings daarvoor",0,,,,,,,,,,,
2420,"Vervaardiging van stalen buizen, pijpen, holle profielen en fittings daarvoor",0,,,,,,,,,,,
243 ,Overige eerste verwerking van staal,0,,,,,,,,,,,
2431,Koudtrekken van staven,0,,,,,,,,,,,
2432,Koudwalsen van bandstaal,0,,,,,,,,,,,
2433,Koudvervormen en koudfelsen,0,,,,,,,,,,,
2434,Koudtrekken van draad,0,,,,,,,,,,,
244,Vervaardiging van edelmetalen en  overige non-ferrometalen,0,,,,,,,,,,,
2441,Vervaardiging van edelmetalen,0,,,,,,,,,,,
2442,Vervaardiging van aluminium,0,,,,,,,,,,,
2443,"Vervaardiging van lood, zink en tin",0,,,,,,,,,,,
2444,Vervaardiging van koper,0,,,,,,,,,,,
2445,Vervaardiging van overige non-ferrometalen,0,,,,,,,,,,,
2446,Smelten en raffineren van uranium,0,,,,,,,,,,,
245,Gieten van metalen,0,,,,,,,,,,,
2451,Gieten van ijzer ,0,,,,,,,,,,,
2452,Gieten van staal,0,,,,,,,,,,,
2453,Gieten van lichte metalen,0,,,,,,,,,,,
2454,Gieten van overige  non-ferrometalen,0,,,,,,,,,,,
25,Vervaardiging van producten van metaal (geen machines en apparaten),0,,,,,,,,,,,
251 ,Vervaardiging van metalen producten voor de bouw ,0,,,,,,,,,,,
2511,Vervaardiging van metalen constructiewerken en delen daarvan,0,,,,,,,,,,,
2512,"Vervaardiging van metalen deuren, vensters en kozijnen",0,,,,,,,,,,,
252,Vervaardiging van reservoirs van metaal en van ketels en radiatoren voor centrale verwarming ,0,,,,,,,,,,,
2521,Vervaardiging van ketels en radiatoren voor centrale verwarming,0,,,,,,,,,,,
2529,Vervaardiging van metalen tanks en reservoirs,0,,,,,,,,,,,
253 ,Vervaardiging van stoomketels (geen ketels voor centrale verwarming),0,,,,,,,,,,,
2530,Vervaardiging van stoomketels (geen ketels voor centrale verwarming),0,,,,,,,,,,,
254 ,Vervaardiging van wapens en munitie,0,,,,,,,,,,,
2540,Vervaardiging van wapens en munitie,0,,,,,,,,,,,
255 ,"Smeden, persen, stampen en profielwalsen van metaal; poedermetallurgie",0,,,,,,,,,,,
2550,"Smeden, persen, stampen en profielwalsen van metaal; poedermetallurgie",0,,,,,,,,,,,
256,Oppervlaktebehandeling en bekleding van metaal; algemene metaalbewerking ,0,,,,,,,,,,,
2561,Oppervlaktebehandeling en bekleding van metaal,0,,,,,,,,,,,
2562,Algemene metaalbewerking,0,,,,,,,,,,,
257,"Vervaardiging van scharen, messen en  bestek, hang- en sluitwerk en gereedschap",0,,,,,,,,,,,
2571,"Vervaardiging van scharen, messen en bestek",0,,,,,,,,,,,
2572,Vervaardiging van hang- en sluitwerk,0,,,,,,,,,,,
2573,Vervaardiging van gereedschap,0,,,,,,,,,,,
259,Vervaardiging van overige producten van metaal,0,,,,,,,,,,,
2591,Vervaardiging van stalen vaten e.d.,0,,,,,,,,,,,
2592,Vervaardiging van verpakkingsmiddelen van licht metaal,0,,,,,,,,,,,
2593,Vervaardiging van artikelen van draad en van kettingen en veren,0,,,,,,,,,,,
2594,"Vervaardiging van bouten, schroeven en moeren",0,,,,,,,,,,,
2599,Vervaardiging van overige producten van metaal (rest),0,,,,,,,,,,,
26,Vervaardiging van computers en van elektronische en optische apparatuur,0,,,,,,,,,,,
261,Vervaardiging van elektronische componenten en printplaten,0,,,,,,,,,,,
2611,Vervaardiging van elektronische componenten,0,,,,,,,,,,,
2612,Vervaardiging van elektronische printplaten,0,,,,,,,,,,,
262,Vervaardiging van computers en randapparatuur,0,,,,,,,,,,,
2620,Vervaardiging van computers en randapparatuur,0,,,,,,,,,,,
263,Vervaardiging van communicatieapparatuur,0,,,,,,,,,,,
2630,Vervaardiging van communicatieapparatuur,0,,,,,,,,,,,
264,Vervaardiging van consumentenelektronica,0,,,,,,,,,,,
2640,Vervaardiging van consumentenelektronica,0,,,,,,,,,,,
265,"Vervaardiging van meet-, regel-, navigatie- en controleapparatuur en van uurwerken",0,,,,,,,,,,,
2651,"Vervaardiging van meet-, regel-, navigatie- en controleapparatuur",0,,,,,,,,,,,
2652,Vervaardiging van uurwerken,0,,,,,,,,,,,
266,Vervaardiging van bestralingsapparatuur en van elektromedische en elektrotherapeutische apparatuur,0,,,,,,,,,,,
2660,Vervaardiging van bestralingsapparatuur en van elektromedische en elektrotherapeutische apparatuur,0,,,,,,,,,,,
267,Vervaardiging van optische instrumenten en apparatuur,0,,,,,,,,,,,
2670,Vervaardiging van optische instrumenten en apparatuur,0,,,,,,,,,,,
268,Vervaardiging van informatiedragers,0,,,,,,,,,,,
2680,Vervaardiging van informatiedragers,0,,,,,,,,,,,
27,Vervaardiging van elektrische apparatuur,0,,,,,,,,,,,
271,"Vervaardiging van elektromotoren, elektrische generatoren en transformatoren en van schakel- en verdeelinrichtingen",0,,,,,,,,,,,
2711,"Vervaardiging van elektromotoren,  elektrische generatoren en transformatoren",0,,,,,,,,,,,
2712,Vervaardiging van schakel- en verdeelinrichtingen,0,,,,,,,,,,,
272,Vervaardiging van batterijen en accumulatoren,0,,,,,,,,,,,
2720,Vervaardiging van batterijen en accumulatoren,0,,,,,,,,,,,
273,"Vervaardiging van elektrische en elektronische kabels en van schakelaars, stekkers, stopcontacten e.d.",0,,,,,,,,,,,
2731,Vervaardiging van kabels van optische vezels,0,,,,,,,,,,,
2732,Vervaardiging van overige elektrische en elektronische kabel,0,,,,,,,,,,,
2733,"Vervaardiging van schakelaars, stekkers, stopcontacten e.d.",0,,,,,,,,,,,
274,Vervaardiging van elektrische lampen en verlichtingsapparaten ,0,,,,,,,,,,,
2740,Vervaardiging van elektrische lampen en verlichtingsapparaten ,0,,,,,,,,,,,
275,Vervaardiging van huishoudapparaten,0,,,,,,,,,,,
2751,Vervaardiging van elektrische huishoudapparaten,0,,,,,,,,,,,
2752,Vervaardiging van niet-elektrische huishoudapparaten,0,,,,,,,,,,,
279,Vervaardiging van overige elektrische apparatuur,0,,,,,,,,,,,
2790,Vervaardiging van overige elektrische apparatuur,0,,,,,,,,,,,
28,Vervaardiging van overige machines en apparaten,0,,,,,,,,,,,
281,"Vervaardiging van motoren, turbines, pompen, compressoren, appendages en drijfwerkelementen",0,,,,,,,,,,,
2811,"Vervaardiging van motoren en turbines (niet voor vliegtuigen, motorvoertuigen en bromfietsen)",0,,,,,,,,,,,
2812,Vervaardiging van hydraulische apparatuur,0,,,,,,,,,,,
2813,Vervaardiging van niet-hydraulische pompen en compressoren,0,,,,,,,,,,,
2814,Vervaardiging van appendages,0,,,,,,,,,,,
2815,"Vervaardiging van tandwielen, lagers en overige drijfwerkelementen",0,,,,,,,,,,,
282,Vervaardiging van overige machines en apparaten voor algemeen gebruik,0,,,,,,,,,,,
2821,Vervaardiging van industriële ovens en branders,0,,,,,,,,,,,
2822,"Vervaardiging van hijs-, hef- en transportwerktuigen",0,,,,,,,,,,,
2823,Vervaardiging van kantoormachines en -apparatuur (geen computers en randapparatuur),0,,,,,,,,,,,
2824,Vervaardiging van pneumatisch en elektrisch handgereedschap ,0,,,,,,,,,,,
2825,Vervaardiging van machines en apparaten voor industriële  koeltechniek en  klimaatregeling,0,,,,,,,,,,,
2829,Vervaardiging van  overige machines en apparaten voor algemeen gebruik (rest),0,,,,,,,,,,,
283,Vervaardiging van machines en werktuigen voor de land- en bosbouw,0,,,,,,,,,,,
2830,Vervaardiging van machines en werktuigen voor de land- en bosbouw,0,,,,,,,,,,,
284,Vervaardiging van gereedschapswerktuigen ,0,,,,,,,,,,,
2841,Vervaardiging van gereedschapswerktuigen voor metaalbewerking,0,,,,,,,,,,,
2849,Vervaardiging van  gereedschapswerktuigen niet voor metaalbewerking,0,,,,,,,,,,,
289,"Vervaardiging van overige machines, apparaten en werktuigen voor specifieke doeleinden",0,,,,,,,,,,,
2891,Vervaardiging van machines voor de metallurgie,0,,,,,,,,,,,
2892,Vervaardiging van machines voor de bouw en winning van delfstoffen,0,,,,,,,,,,,
2893,Vervaardiging van machines voor de productie van voedings- en genotmiddelen,0,,,,,,,,,,,
2894,"Vervaardiging van machines voor de productie van textiel, kleding en leer",0,,,,,,,,,,,
2895,Vervaardiging van machines voor de productie van papier en karton,0,,,,,,,,,,,
2896,Vervaardiging van machines voor de kunststof- en rubberindustrie,0,,,,,,,,,,,
2899,"Vervaardiging van overige machines, apparaten en werktuigen voor specifieke doeleinden (rest)",0,,,,,,,,,,,
29,"Vervaardiging van auto's, aanhangwagens en opleggers",0,,,,,,,,,,,
291,Vervaardiging van auto's,0,,,,,,,,,,,
2910,Vervaardiging van auto's,0,,,,,,,,,,,
292,Carrosseriebouw; vervaardiging van aanhangwagens en opleggers,0,,,,,,,,,,,
2920,Carrosseriebouw; vervaardiging van aanhangwagens en opleggers,0,,,,,,,,,,,
29201,Carrosseriebouw,0,,,,,,,,,,,
29202,Vervaardiging van aanhangwagens en opleggers,0,,,,,,,,,,,
293,Vervaardiging van onderdelen en toebehoren voor auto's ,0,,,,,,,,,,,
2931,Vervaardiging van elektrische en elektronische onderdelen en toebehoren  voor auto's ,0,,,,,,,,,,,
2932,Vervaardiging van niet-elektrische en -elektronische  onderdelen en toebehoren voor auto's,0,,,,,,,,,,,
30,Vervaardiging van overige transportmiddelen,0,,,,,,,,,,,
301,Scheepsbouw,0,,,,,,,,,,,
3011,Bouw van schepen en drijvend materieel (geen sport- en recreatievaartuigen) ,0,,,,,,,,,,,
3012,Bouw van sport- en recreatievaartuigen ,0,,,,,,,,,,,
302,Vervaardiging van rollend spoor- en tramwegmaterieel,0,,,,,,,,,,,
3020,Vervaardiging van rollend spoor- en tramwegmaterieel ,0,,,,,,,,,,,
303,Vervaardiging van vliegtuigen en onderdelen daarvoor,0,,,,,,,,,,,
3030,Vervaardiging van vliegtuigen en onderdelen daarvoor,0,,,,,,,,,,,
304,Vervaardiging van militaire gevechtsvoertuigen,0,,,,,,,,,,,
3040,Vervaardiging van militaire gevechtsvoertuigen,0,,,,,,,,,,,
309,Vervaardiging van transportmiddelen (rest),0,,,,,,,,,,,
3091,Vervaardiging van motor- en bromfietsen,0,,,,,,,,,,,
3092,Vervaardiging van fietsen en invalidenwagens,0,,,,,,,,,,,
3099,Vervaardiging van overige transportmiddelen (rest),0,,,,,,,,,,,
31,Vervaardiging van meubels,0,,,,,,,,,,,
310,Vervaardiging van meubels,0,,,,,,,,,,,
3101,Interieurbouw en vervaardiging van bedrijfsmeubels,0,,,,,,,,,,,
31011,Interieurbouw,0,,,,,,,,,,,
31012,Vervaardiging van bedrijfsmeubels,0,,,,,,,,,,,
3102,Vervaardiging van keukenmeubels,0,,,,,,,,,,,
3103,Vervaardiging van matrassen,0,,,,,,,,,,,
3109,Vervaardiging van overige meubels,0,,,,,,,,,,,
32,Vervaardiging van overige goederen,0,,,,,,,,,,,
321,Slaan van munten; bewerken van edelstenen en vervaardiging van sieraden e.d.,0,,,,,,,,,,,
3211,Slaan van munten en medailles,0,,,,,,,,,,,
3212,Bewerken van edelstenen en vervaardiging van sieraden e.d. (geen imitatie),0,,,,,,,,,,,
3213,Vervaardiging van imitatiesieraden ,0,,,,,,,,,,,
322,Vervaardiging van muziekinstrumenten,0,,,,,,,,,,,
3220,Vervaardiging van muziekinstrumenten,0,,,,,,,,,,,
323,Vervaardiging van sportartikelen,0,,,,,,,,,,,
3230,Vervaardiging van sportartikelen,0,,,,,,,,,,,
324,Vervaardiging van speelgoed en spellen,0,,,,,,,,,,,
3240,Vervaardiging van speelgoed en spellen,0,,,,,,,,,,,
325,Vervaardiging van medische instrumenten en hulpmiddelen,0,,,,,,,,,,,
3250,Vervaardiging van medische instrumenten en hulpmiddelen,0,,,,,,,,,,,
32501,Tandtechnische bedrijven,0,,,,,,,,,,,
32502,Vervaardiging van medische instrumenten en hulpmiddelen (geen tandtechniek),0,,,,,,,,,,,
329,Vervaardiging van overige goederen,0,,,,,,,,,,,
3291,Vervaardiging van borstelwaren,0,,,,,,,,,,,
3299,Sociale werkvoorziening en vervaardiging van overige goederen (rest),0,,,,,,,,,,,
32991,Sociale werkvoorziening,0,,,,,,,,,,,
32999,Vervaardiging van overige goederen (rest),0,,,,,,,,,,,
33,Reparatie en installatie van machines en apparaten,0,,,,,,,,,,,
331,"Reparatie van producten van metaal, machines en apparatuur",0,,,,,,,,,,,
3311,Reparatie van producten van metaal,0,,,,,,,,,,,
3312,Reparatie en onderhoud van machines,0,,,,,,,,,,,
33121,Reparatie en onderhoud van machines voor algemeen gebruik en machineonderdelen (geen gereedschap),0,,,,,,,,,,,
33122,Reparatie en onderhoud van pneumatisch en elektrisch gereedschap en gereedschapswerktuigen,0,,,,,,,,,,,
33123,Reparatie en onderhoud van machines voor een specifieke bedrijfstak,0,,,,,,,,,,,
3313,Reparatie van elektronische en optische apparatuur,0,,,,,,,,,,,
3314,Reparatie van elektrische apparatuur,0,,,,,,,,,,,
3315,Reparatie en onderhoud van schepen,0,,,,,,,,,,,
3316,Reparatie en onderhoud van vliegtuigen,0,,,,,,,,,,,
3317,Reparatie en onderhoud van overige transportmiddelen,0,,,,,,,,,,,
3319,Reparatie van overige apparatuur,0,,,,,,,,,,,
332,Installatie van industriële machines en apparatuur,0,,,,,,,,,,,
3321,Installatie van ketels en tanks,0,,,,,,,,,,,
3322,Installatie van industriële machines,0,,,,,,,,,,,
33221,Installatie van machines voor algemeen gebruik (geen gereedschap),0,,,,,,,,,,,
33222,Installatie van pneumatisch en elektrisch gereedschap en gereedschapswerktuigen,0,,,,,,,,,,,
33223,Installatie van machines voor een specifieke bedrijfstak,0,,,,,,,,,,,
3323,Installatie van elektronische en optische apparatuur,0,,,,,,,,,,,
3324,Installatie van elektrische apparatuur,0,,,,,,,,,,,
3329,Installatie van overige toebehoren,0,,,,,,,,,,,
 D,"Productie en distributie van en handel in elektriciteit, aardgas, stoom en gekoelde lucht ",0,,,,,,,,,,,
35,"Productie en distributie van en handel in elektriciteit, aardgas, stoom en gekoelde lucht",0,,,,,,,,,,,
351,Productie van elektriciteit; transmissie en distributie van elektriciteit en aardgas,0,,,,,,,,,,,
3511,Productie van elektriciteit,0,,,,,,,,,,,
35111,"Productie van elektriciteit door thermische, kern- en warmtekrachtcentrales",0,,,,,,,,,,,
35112,Productie van elektriciteit door windenergie ,0,,,,,,,,,,,
35113,"Productie van elektriciteit door zonnecellen, warmtepompen en waterkracht",0,,,,,,,,,,,
3512,"Beheer en exploitatie van transportnetten voor elektriciteit, aardgas en warm water",0,,,,,,,,,,,
3513,Distributie van elektriciteit en gasvormige brandstoffen via leidingen,0,,,,,,,,,,,
3514,Handel in elektriciteit en in gas via leidingen,0,,,,,,,,,,,
352,Productie van aardgas,0,,,,,,,,,,,
3520,Productie van aardgas,0,,,,,,,,,,,
353,Productie en distributie van stoom en gekoelde lucht,0,,,,,,,,,,,
3530,Productie en distributie van stoom en gekoelde lucht,0,,,,,,,,,,,
E,Winning en distributie van water; afval- en afvalwaterbeheer en sanering ,0,,,,,,,,,,,
36,Winning en distributie van water,0,,,,,,,,,,,
360,Winning en distributie van water,0,,,,,,,,,,,
3600,Winning en distributie van water,0,,,,,,,,,,,
37,Afvalwaterinzameling en -behandeling,0,,,,,,,,,,,
370,Afvalwaterinzameling en -behandeling,0,,,,,,,,,,,
3700,Afvalwaterinzameling en -behandeling,0,,,,,,,,,,,
38,Afvalinzameling en -behandeling; voorbereiding tot recycling,0,,,,,,,,,,,
381,Inzameling van afval,0,,,,,,,,,,,
3811,Inzameling van onschadelijk afval,0,,,,,,,,,,,
3812,Inzameling van schadelijk afval,0,,,,,,,,,,,
382,Behandeling van afval,0,,,,,,,,,,,
3821,Behandeling van onschadelijk afval,0,,,,,,,,,,,
3822,Behandeling van schadelijk afval,0,,,,,,,,,,,
383,Voorbereiding tot recycling,0,,,,,,,,,,,
3831,"Sloop van schepen, witgoed, computers e.d. ",0,,,,,,,,,,,
3832,Gesorteerd materiaal voorbereiden tot recycling,0,,,,,,,,,,,
39,Sanering en overig afvalbeheer,0,,,,,,,,,,,
390,Sanering en overig afvalbeheer,0,,,,,,,,,,,
3900,Sanering en overig afvalbeheer,0,,,,,,,,,,,
F,Bouwnijverheid,0,,,,,,,,,,,
41,Algemene burgerlijke en utiliteitsbouw en projectontwikkeling,0,,,,,,,,,,,
411,Projectontwikkeling,0,,,,,,,,,,,
4110,Projectontwikkeling,0,,,,,,,,,,,
412,Algemene burgerlijke en utiliteitsbouw,0,,,,,,,,,,,
4120,Algemene burgerlijke en utiliteitsbouw,0,,,,,,,,,,,
42,"Grond-, water- en wegenbouw (geen grondverzet) ",0,,,,,,,,,,,
421,"Bouw van wegen, spoorwegen en kunstwerken",0,,,,,,,,,,,
4211,Wegenbouw en stratenmaken,0,,,,,,,,,,,
42111,Wegenbouw,0,,,,,,,,,,,
42112,Stratenmaken,0,,,,,,,,,,,
4212,Bouw van boven- en ondergrondse spoorwegen,0,,,,,,,,,,,
4213,Bouw van kunstwerken,0,,,,,,,,,,,
422,Leggen van kabels en buizen ,0,,,,,,,,,,,
4221,"Leggen van rioleringen, buizen en pijpleidingen; aanleg van bronbemaling",0,,,,,,,,,,,
4222,Leggen van elektriciteits- en telecommunicatiekabels ,0,,,,,,,,,,,
429 ,Bouw van overige civieltechnische werken,0,,,,,,,,,,,
4291,Natte waterbouw,0,,,,,,,,,,,
4299,Bouw van overige civieltechnische werken (rest),0,,,,,,,,,,,
43,Gespecialiseerde werkzaamheden in de bouw,0,,,,,,,,,,,
431,"Slopen van bouwwerken, grondverzet en proefboren",0,,,,,,,,,,,
4311,Slopen van bouwwerken,0,,,,,,,,,,,
4312,Grondverzet,0,,,,,,,,,,,
4313,Proefboren,0,,,,,,,,,,,
432,Bouwinstallatie,0,,,,,,,,,,,
4321,Elektrotechnische bouwinstallatie,0,,,,,,,,,,,
4322,Loodgieters- en fitterswerk; installatie van sanitair en van verwarmings- en luchtbehandelingsapparatuur,0,,,,,,,,,,,
43221,Loodgieters- en fitterswerk; installatie van sanitair ,0,,,,,,,,,,,
43222,Installatie van verwarmings- en luchtbehandelingsapparatuur,0,,,,,,,,,,,
4329,Overige bouwinstallatie,0,,,,,,,,,,,
433,Afwerking van gebouwen,0,,,,,,,,,,,
4331,Stukadoren,0,,,,,,,,,,,
4332,Bouwtimmeren,0,,,,,,,,,,,
4333,Afwerking van vloeren en wanden ,0,,,,,,,,,,,
4334,Schilderen en glaszetten,0,,,,,,,,,,,
4339,Overige afwerking van gebouwen,0,,,,,,,,,,,
439 ,Dakbouw en overige gespecialiseerde werkzaamheden in de bouw,0,,,,,,,,,,,
4391,Dakdekken en bouwen van dakconstructies ,0,,,,,,,,,,,
4399,Overige gespecialiseerde werkzaamheden in de bouw,0,,,,,,,,,,,
43991,Heien en andere funderingswerkzaamheden,0,,,,,,,,,,,
43992,Vlechten van betonstaal,0,,,,,,,,,,,
43993,Metselen en voegen,0,,,,,,,,,,,
43999,Overige gespecialiseerde werkzaamheden in de bouw (rest),0,,,,,,,,,,,
G,Groot- en detailhandel; reparatie van auto’s ,0,,,,,,,,,,,
45 ,"Handel in en reparatie van auto’s, motorfietsen en aanhangers",0,,,,,,,,,,,
451,"Handel in auto’s en aanhangers, eventueel gecombineerd met reparatie",0,,,,,,,,,,,
4511,Handel in en reparatie van personenauto's en lichte bedrijfsauto’s,0,,,,,,,,,,,
45111,Import van nieuwe personenauto's en lichte bedrijfsauto’s,0,,,,,,,,,,,
45112,Handel in en reparatie van personenauto's en lichte bedrijfsauto’s (geen import van nieuwe),0,,,,,,,,,,,
4519,"Handel in en reparatie van zwaardere bedrijfsauto’s, aanhangers en caravans",0,,,,,,,,,,,
45191,Import van nieuwe bedrijfsauto's,0,,,,,,,,,,,
45192,Handel in en reparatie van zwaardere bedrijfsauto's (geen import van nieuwe) ,0,,,,,,,,,,,
45193,Handel in en reparatie van aanhangwagens en opleggers (geen caravans),0,,,,,,,,,,,
45194,Handel in en reparatie van caravans,0,,,,,,,,,,,
452,Gespecialiseerde reparatie van auto's,0,,,,,,,,,,,
4520,Gespecialiseerde reparatie van auto's,0,,,,,,,,,,,
45201,Auto-onderdelenservicebedrijven,0,,,,,,,,,,,
45202,Bandenservicebedrijven,0,,,,,,,,,,,
45203,Reparatie van specifieke auto-onderdelen,0,,,,,,,,,,,
45204,Carrosserieherstel,0,,,,,,,,,,,
45205,Overige gespecialiseerde reparatie; wassen en slepen van auto's,0,,,,,,,,,,,
453,Handel in auto-onderdelen en -accessoires ,0,,,,,,,,,,,
4531,Groothandel en handelsbemiddeling in auto-onderdelen en -accessoires,0,,,,,,,,,,,
45311,Groothandel en handelsbemiddeling in auto-onderdelen en -accessoires (geen banden),0,,,,,,,,,,,
45312,Groothandel en handelsbemiddeling in banden,0,,,,,,,,,,,
4532,Detailhandel in auto-onderdelen en -accessoires,0,,,,,,,,,,,
454,Handel in en reparatie van motorfietsen en onderdelen daarvan ,0,,,,,,,,,,,
4540,Handel in en reparatie van motorfietsen en onderdelen daarvan,0,,,,,,,,,,,
45401,Groothandel en handelsbemiddeling in motorfietsen en onderdelen daarvan,0,,,,,,,,,,,
45402,Detailhandel in en reparatie van motorfietsen en onderdelen daarvan,0,,,,,,,,,,,
46,Groothandel en handelsbemiddeling (niet in auto's en motorfietsen),0,,,,,,,,,,,
461,Handelsbemiddeling,0,,,,,,,,,,,
4611,"Handelsbemiddeling in landbouwproducten, levende dieren en grondstoffen voor textiel en voedingsmiddelen ",0,,,,,,,,,,,
4612,"Handelsbemiddeling in brandstoffen, ertsen, metalen en chemische producten ",0,,,,,,,,,,,
4613,"Handelsbemiddeling in hout, vlakglas, sanitair en bouwmaterialen ",0,,,,,,,,,,,
4614,"Handelsbemiddeling in machines, technische benodigdheden, schepen en vliegtuigen",0,,,,,,,,,,,
4615,"Handelsbemiddeling in meubels, huishoudelijke artikelen en ijzerwaren ",0,,,,,,,,,,,
4616,"Handelsbemiddeling in textiel, kleding, schoeisel en lederwaren",0,,,,,,,,,,,
4617,Handelsbemiddeling in voedings- en genotmiddelen,0,,,,,,,,,,,
4618,Handelsbemiddeling gespecialiseerd in overige goederen,0,,,,,,,,,,,
4619,Niet-gespecialiseerde handelsbemiddeling ,0,,,,,,,,,,,
462 ,Groothandel in landbouwproducten en levende dieren,0,,,,,,,,,,,
4621,"Groothandel in granen, ruwe tabak, oliën, zaden en veevoer",0,,,,,,,,,,,
46211,Groothandel in granen                                                  ,0,,,,,,,,,,,
46212,"Groothandel in zaden, pootgoed en peulvruchten ",0,,,,,,,,,,,
46213,"Groothandel in hooi, stro en ruwvoeder ",0,,,,,,,,,,,
46214,Groothandel in meng- en krachtvoeder ,0,,,,,,,,,,,
46215,"Groothandel in veevoeder (geen ruw-, meng- en krachtvoeder) ",0,,,,,,,,,,,
46216,Groothandel in ruwe plantaardige en dierlijke oliën en vetten en oliehoudende grondstoffen,0,,,,,,,,,,,
46217,Groothandel in ruwe tabak,0,,,,,,,,,,,
46218,Groothandel in akkerbouwproducten en veevoeder algemeen assortiment,0,,,,,,,,,,,
46219,Groothandel in overige akkerbouwproducten,0,,,,,,,,,,,
4622,Groothandel in bloemen en planten,0,,,,,,,,,,,
4623,Groothandel in levende dieren,0,,,,,,,,,,,
46231,Groothandel in levend vee,0,,,,,,,,,,,
46232,"Groothandel in huisdieren, siervissen, siervogels en wilde dieren",0,,,,,,,,,,,
4624,"Groothandel in huiden, vellen, leer en halffabrikaten van leer",0,,,,,,,,,,,
46241,Groothandel in huiden en vellen,0,,,,,,,,,,,
46242,Groothandel in leer en halffabrikaten van leer,0,,,,,,,,,,,
463 ,Groothandel in voedings- en genotmiddelen,0,,,,,,,,,,,
4631,Groothandel in groenten en fruit en in consumptieaardappelen,0,,,,,,,,,,,
46311,Groothandel in groenten en fruit,0,,,,,,,,,,,
46312,Groothandel in consumptieaardappelen,0,,,,,,,,,,,
4632,Groothandel in vlees en vleeswaren en in wild en gevogelte (niet levend),0,,,,,,,,,,,
4633,"Groothandel in zuivelproducten, spijsoliën en -vetten en eieren",0,,,,,,,,,,,
46331,Groothandel in zuivelproducten en spijsoliën en -vetten,0,,,,,,,,,,,
46332,Groothandel in eieren,0,,,,,,,,,,,
4634,Groothandel in dranken (geen zuivel),0,,,,,,,,,,,
4635,Groothandel in tabaksproducten en rokersbenodigdheden,0,,,,,,,,,,,
4636,"Groothandel in suiker, chocolade en suikerwerk",0,,,,,,,,,,,
4637,"Groothandel in koffie, thee, cacao en specerijen (geen ruwe)",0,,,,,,,,,,,
4638,Groothandel in overige voedingsmiddelen en in overige grondstoffen en halffabrikaten voor de voedingsmiddelenindustrie,0,,,,,,,,,,,
46381,Groothandel in snacks ,0,,,,,,,,,,,
46382,"Groothandel in vis, schaal- en weekdieren ",0,,,,,,,,,,,
46383,Gespecialiseerde groothandel in overige voedings- en genotmiddelen (rest),0,,,,,,,,,,,
46384,Groothandel in bakkerijgrondstoffen ,0,,,,,,,,,,,
46389,Gespecialiseerde groothandel in overige grondstoffen en halffabrikaten voor de voedingsmiddelen industrie (rest) ,0,,,,,,,,,,,
4639,Groothandel in voedings- en genotmiddelen algemeen assortiment,0,,,,,,,,,,,
464 ,Groothandel in consumentenartikelen (non-food),0,,,,,,,,,,,
4641,"Groothandel in kledingstoffen, fournituren en huishoudtextiel",0,,,,,,,,,,,
46411,Groothandel in kledingstoffen en fournituren,0,,,,,,,,,,,
46412,Groothandel in huishoudtextiel en beddengoed,0,,,,,,,,,,,
4642,"Groothandel in kleding, schoenen en modeartikelen",0,,,,,,,,,,,
46421,Groothandel in bovenkleding,0,,,,,,,,,,,
46422,Groothandel in werkkleding,0,,,,,,,,,,,
46423,Groothandel in onderkleding,0,,,,,,,,,,,
46424,Groothandel in schoenen,0,,,,,,,,,,,
46425,Groothandel in modeartikelen,0,,,,,,,,,,,
46429,Groothandel in textielwaren algemeen assortiment,0,,,,,,,,,,,
4643,"Groothandel in elektrische huishoudelijke apparatuur, audio- en videoapparatuur en fotografische en optische artikelen ",0,,,,,,,,,,,
46431,Groothandel in witgoed ,0,,,,,,,,,,,
46432,"Groothandel in elektrische huishoudelijke apparatuur (geen witgoed, audio en video)",0,,,,,,,,,,,
46433,Groothandel in audio- en videoapparatuur ,0,,,,,,,,,,,
46434,Groothandel in fotografische artikelen,0,,,,,,,,,,,
46435,Groothandel in beeld- en geluidsdragers,0,,,,,,,,,,,
46436,Groothandel in optische artikelen,0,,,,,,,,,,,
4644,"Groothandel in glas, porselein en aardewerk en in reinigingsmiddelen ",0,,,,,,,,,,,
46441,"Groothandel in glas, porselein en aardewerk",0,,,,,,,,,,,
46442,"Groothandel in was-, poets- en reinigingsmiddelen",0,,,,,,,,,,,
4645,Groothandel in parfums en cosmetica,0,,,,,,,,,,,
4646,"Groothandel in farmaceutische producten, medische instrumenten en orthopedische artikelen ",0,,,,,,,,,,,
46461,Groothandel in farmaceutische producten,0,,,,,,,,,,,
46462,"Groothandel in medische en tandheelkundige instrumenten, verpleeg- en orthopedische artikelen en laboratoriumbenodigdheden",0,,,,,,,,,,,
4647,"Groothandel in huismeubilair, woningtextiel, vloerbedekking en verlichting ",0,,,,,,,,,,,
46471,Groothandel in huismeubilair,0,,,,,,,,,,,
46472,Groothandel in woningtextiel en vloerbedekking,0,,,,,,,,,,,
46473,Groothandel in verlichtingsartikelen,0,,,,,,,,,,,
4648,Groothandel in juweliersartikelen en uurwerken,0,,,,,,,,,,,
4649,Groothandel in overige consumentenartikelen (non-food),0,,,,,,,,,,,
46491,Groothandel in fietsen en bromfietsen,0,,,,,,,,,,,
46492,Groothandel in watersportartikelen,0,,,,,,,,,,,
46493,Groothandel in kampeerartikelen (geen caravans),0,,,,,,,,,,,
46494,Groothandel in speelgoed,0,,,,,,,,,,,
46495,Groothandel in muziekinstrumenten,0,,,,,,,,,,,
46496,Groothandel in sportartikelen (geen watersport),0,,,,,,,,,,,
46497,Groothandel in papier- en kartonwaren (geen verpakkingsmateriaal),0,,,,,,,,,,,
46498,"Groothandel in boeken, tijdschriften en overig drukwerk",0,,,,,,,,,,,
46499,"Groothandel in overige consumentenartikelen (rest, non-food)",0,,,,,,,,,,,
465 ,Groothandel in ICT-apparatuur,0,,,,,,,,,,,
4651,"Groothandel in computers, randapparatuur en software",0,,,,,,,,,,,
4652,Groothandel in elektronische en telecommunicatieapparatuur en bijbehorende onderdelen,0,,,,,,,,,,,
466 ,"Groothandel in machines, apparaten en toebehoren voor industrie en handel",0,,,,,,,,,,,
4661,"Groothandel in landbouwmachines, werktuigen en tractoren",0,,,,,,,,,,,
4662,Groothandel in gereedschapswerktuigen,0,,,,,,,,,,,
4663,Groothandel in machines voor de bouw,0,,,,,,,,,,,
4664,Groothandel in machines voor de textielindustrie en in naai- en breimachines,0,,,,,,,,,,,
4665,Groothandel in bedrijfsmeubels,0,,,,,,,,,,,
4666,Groothandel in kantoormachines (geen computers),0,,,,,,,,,,,
4668,Groothandel in machines voor de grafische en voedings- en genotmiddelenindustrie ,0,,,,,,,,,,,
46681,Groothandel in machines voor de grafische industrie,0,,,,,,,,,,,
46682,Groothandel in machines voor de voedings- en genotmiddelenindustrie,0,,,,,,,,,,,
4669,"Groothandel in overige machines, apparaten en toebehoren voor industrie en handel ",0,,,,,,,,,,,
46691,Groothandel in intern transportmaterieel,0,,,,,,,,,,,
46692,"Groothandel in machines en apparaten voor de warmte-, koel- en vriestechniek",0,,,,,,,,,,,
46693,"Groothandel in verbrandingsmotoren, pompen en compressoren",0,,,,,,,,,,,
46694,"Groothandel in appendages, technische toebehoren e.d.",0,,,,,,,,,,,
46695,Groothandel in meet- en regelapparaten,0,,,,,,,,,,,
46696,Groothandel in emballage,0,,,,,,,,,,,
46697,Groothandel in scheepsbenodigdheden en visserij-artikelen,0,,,,,,,,,,,
46699,"Groothandel in overige machines, apparaten en toebehoren voor industrie en handel (rest)",0,,,,,,,,,,,
467 ,Overige gespecialiseerde groothandel,0,,,,,,,,,,,
4671,Groothandel in brandstoffen en overige minerale olieproducten,0,,,,,,,,,,,
46711,Groothandel in vaste brandstoffen ,0,,,,,,,,,,,
46712,Groothandel in vloeibare en gasvormige brandstoffen,0,,,,,,,,,,,
46713,Groothandel in minerale olieproducten (geen brandstoffen),0,,,,,,,,,,,
4672,Groothandel in metalen en metaalertsen,0,,,,,,,,,,,
46721,Groothandel in metaalertsen,0,,,,,,,,,,,
46722,Groothandel in ferrometalen en -halffabrikaten,0,,,,,,,,,,,
46723,Groothandel in non-ferrometalen en -halffabrikaten,0,,,,,,,,,,,
4673,"Groothandel in hout, sanitair en overige bouwmaterialen",0,,,,,,,,,,,
46731,Groothandel in hout en plaatmateriaal,0,,,,,,,,,,,
46732,Groothandel in verf en verfwaren,0,,,,,,,,,,,
46733,Groothandel in behang,0,,,,,,,,,,,
46734,Groothandel in vlakglas,0,,,,,,,,,,,
46735,Groothandel in zand en grind,0,,,,,,,,,,,
46736,Groothandel in tegels en plavuizen,0,,,,,,,,,,,
46737,Groothandel in sanitaire artikelen en sanitair installatiemateriaal ,0,,,,,,,,,,,
46738,Groothandel gespecialiseerd in overige bouwmaterialen,0,,,,,,,,,,,
46739,Groothandel in bouwmaterialen algemeen assortiment ,0,,,,,,,,,,,
4674,Groothandel in ijzer- en metaalwaren en verwarmingsapparaten,0,,,,,,,,,,,
46741,Groothandel in ijzer- en metaalwaren,0,,,,,,,,,,,
46742,Groothandel in verwarmingsapparaten,0,,,,,,,,,,,
4675,Groothandel in chemische producten,0,,,,,,,,,,,
46751,Groothandel in chemische grondstoffen en chemicaliën voor industriële toepassing,0,,,,,,,,,,,
46752,Groothandel in bestrijdingsmiddelen en meststoffen,0,,,,,,,,,,,
4676,Groothandel in overige intermediaire producten,0,,,,,,,,,,,
46761,Groothandel in textielgrondstoffen en -halffabrikaten,0,,,,,,,,,,,
46762,Groothandel in papier en karton,0,,,,,,,,,,,
46769,Groothandel in overige intermediaire producten (rest),0,,,,,,,,,,,
4677,Groothandel in afval en schroot,0,,,,,,,,,,,
46771,Groothandel in autosloopmateriaal,0,,,,,,,,,,,
46772,Groothandel in ijzer- en staalschroot en oude non-ferrometalen,0,,,,,,,,,,,
46779,Groothandel in overige oude materialen en afvalstoffen,0,,,,,,,,,,,
469,Niet-gespecialiseerde groothandel,0,,,,,,,,,,,
4690,Niet-gespecialiseerde groothandel,0,,,,,,,,,,,
46901,Niet-gespecialiseerde groothandel in consumentenartikelen,0,,,,,,,,,,,
46902,Niet-gespecialiseerde groothandel in niet-consumentenartikelen,0,,,,,,,,,,,
47,Detailhandel (niet in auto's),2,,,,,,,,,,,
471 ,"Supermarkten, warenhuizen en dergelijke winkels met een algemeen assortiment",2,,,,,,,,,,,
4711,Supermarkten en dergelijke winkels met een algemeen assortiment voedings- en genotmiddelen,2,,,,,,,,,,,
4719,Warenhuizen en dergelijke winkels met een algemeen assortiment non-food,8,,,,,,,,,,,
47191,Warenhuizen,8,,,,,,,,,,,
47192,Winkels met een algemeen assortiment non-food (geen warenhuizen),8,,,,,,,,,,,
472 ,Gespecialiseerde winkels in voedings- en genotmiddelen ,2,,,,,,,,,,,
4721,"Winkels in aardappelen, groenten en fruit ",2,,,,,,,,,,,
4722,"Winkels in vlees en vleeswaren, wild en gevogelte ",2,,,,,,,,,,,
47221,Winkels in vlees en vleeswaren,2,,,,,,,,,,,
47222,Winkels in wild en gevogelte,2,,,,,,,,,,,
4723,Winkels in vis,2,,,,,,,,,,,
4724,"Winkels in brood, banket, chocolade en suikerwerk ",2,,,,,,,,,,,
47241,Winkels in brood en banket,2,,,,,,,,,,,
47242,Winkels in chocolade en suikerwerk,2,,,,,,,,,,,
4725,Winkels in dranken,2,,,,,,,,,,,
4726,Winkels in tabaksproducten,2,,,,,,,,,,,
4729,Gespecialiseerde winkels in overige voedings- en genotmiddelen ,2,,,,,,,,,,,
47291,Winkels in kaas,2,,,,,,,,,,,
47292,Winkels in natuurvoeding en reformartikelen,2,,,,,,,,,,,
47293,Winkels in buitenlandse voedingsmiddelen,2,,,,,,,,,,,
47299,Gespecialiseerde winkels in overige voedings- en genotmiddelen (rest),2,,,,,,,,,,,
473 ,Benzinestations,2,,,,,,,,,,,
4730,Benzinestations,2,,,,,,,,,,,
474 ,Winkels in consumentenelektronica,2,,,,,,,,,,,
4741,"Winkels in computers, randapparatuur en software",2,,,,,,,,,,,
4742,Winkels in telecommunicatieapparatuur ,2,,,,,,,,,,,
4743,Winkels in audio- en videoapparatuur of in een algemeen assortiment van wit- en  bruingoed,2,,,,,,,,,,,
47431,Winkels in audio- en videoapparatuur,2,,,,,,,,,,,
47432,Winkels in een algemeen assortiment van wit- en bruingoed ,2,,,,,,,,,,,
475 ,Winkels in overige huishoudelijke artikelen,2,,,,,,,,,,,
4751,"Winkels in kledingstoffen, huishoudtextiel en fournituren ",2,,,,,,,,,,,
47511,Winkels in kledingstoffen,2,,,,,,,,,,,
47512,Winkels in  huishoudtextiel,2,,,,,,,,,,,
47513,"Winkels in breiwol, handwerken en fournituren",2,,,,,,,,,,,
4752,Winkels in doe-het-zelfartikelen,2,,,,,,,,,,,
47521,Winkels in ijzerwaren en gereedschappen,2,,,,,,,,,,,
47522,"Winkels in verf, verfwaren en behang",2,,,,,,,,,,,
47523,Winkels in houten bouw- en tuinmaterialen,2,,,,,,,,,,,
47524,Winkels in tegels,2,,,,,,,,,,,
47525,Winkels in keukens,2,,,,,,,,,,,
47526,"Winkels in parket-, laminaat- en kurkvloeren",2,,,,,,,,,,,
47527,Winkels gespecialiseerd in overige doe-het-zelfartikelen,2,,,,,,,,,,,
47528,Bouwmarkten en andere winkels in bouwmaterialen algemeen assortiment,2,,,,,,,,,,,
4753,Winkels in vloerbedekking en gordijnen ,2,,,,,,,,,,,
4754,Winkels in elektrische huishoudelijke apparatuur en onderdelen daarvoor,2,,,,,,,,,,,
47541,Winkels in witgoed,2,,,,,,,,,,,
47542,Winkels in naai- en breimachines,2,,,,,,,,,,,
47543,Winkels in overige elektrische huishoudelijke apparatuur,2,,,,,,,,,,,
47544,Winkels in onderdelen voor elektrische huishoudelijke apparatuur,2,,,,,,,,,,,
4759,"Winkels in meubels, verlichting en overige huishoudelijke artikelen (rest)",2,,,,,,,,,,,
47591,Winkels in meubels,2,,,,,,,,,,,
47592,Winkels in verlichtingsartikelen,2,,,,,,,,,,,
47593,Winkels in artikelen voor woninginrichting algemeen assortiment,2,,,,,,,,,,,
47594,Winkels in muziekinstrumenten,2,,,,,,,,,,,
47595,"Winkels in glas-, porselein- en aardewerk",2,,,,,,,,,,,
47596,Winkels gespecialiseerd in overige huishoudelijke artikelen (rest),2,,,,,,,,,,,
47597,Winkels in huishoudelijke artikelen algemeen assortiment,2,,,,,,,,,,,
476 ,"Winkels in lectuur, sport-, kampeer- en recreatieartikelen",2,,,,,,,,,,,
4761,Winkels in boeken ,2,,,,,,,,,,,
4762,"Winkels in kranten, tijdschriften en kantoorbehoeften ",2,,,,,,,,,,,
4763,Winkels in audio- en video-opnamen,2,,,,,,,,,,,
4764,"Winkels in fietsen en bromfietsen, sport- en kampeerartikelen en boten ",2,,,,,,,,,,,
47641,Winkels in fietsen en bromfietsen,2,,,,,,,,,,,
47642,Winkels in watersportartikelen,2,,,,,,,,,,,
47643,Winkels in sportartikelen (geen watersport),2,,,,,,,,,,,
47644,Winkels in kampeerartikelen (geen caravans),2,,,,,,,,,,,
4765,Winkels in speelgoed,2,,,,,,,,,,,
477 ,Winkels in overige artikelen,2,,,,,,,,,,,
4771,Winkels in kleding en modeartikelen; textielsupermarkten,2,,,,,,,,,,,
47711,Winkels in herenkleding ,2,,,,,,,,,,,
47712,Winkels in dameskleding ,2,,,,,,,,,,,
47713,Winkels in bovenkleding en modeartikelen (algemeen assortiment) ,2,,,,,,,,,,,
47714,Winkels in baby- en kinderkleding,2,,,,,,,,,,,
47715,Winkels in babyartikelen algemeen assortiment,2,,,,,,,,,,,
47716,"Winkels in onderkleding, lingerie e.d.",2,,,,,,,,,,,
47717,Winkels in modeartikelen,2,,,,,,,,,,,
47718,Textielsupermarkten,2,,,,,,,,,,,
4772,Winkels in schoenen en lederwaren ,2,,,,,,,,,,,
47721,Winkels in schoenen,2,,,,,,,,,,,
47722,Winkels in lederwaren en reisartikelen,2,,,,,,,,,,,
4773,Apotheken,6,,,,,,,,,,,
4774,"Winkels in drogisterij-, medische en orthopedische artikelen",2,,,,,,,,,,,
47741,Winkels in drogisterij-artikelen ,2,,,,,,,,,,,
47742,Winkels in medische en orthopedische artikelen,6,,,,,,,,,,,
4775,Winkels in parfums en cosmetica,2,,,,,,,,,,,
4776,"Winkels in bloemen, planten, zaden, tuinbenodigdheden, huisdieren en dierbenodigdheden ",2,,,,,,,,,,,
47761,"Winkels in bloemen en planten, zaden en tuinbenodigdheden",2,,,,,,,,,,,
47762,Tuincentra,2,,,,,,,,,,,
47763,"Winkels in dieren, dierbenodigdheden en hengelsportartikelen",2,,,,,,,,,,,
4777,Winkels in juweliersartikelen en uurwerken ,2,,,,,,,,,,,
4778,Winkels in overige artikelen (rest),2,,,,,,,,,,,
47781,Winkels in fotografische artikelen,2,,,,,,,,,,,
47782,Winkels in optische artikelen,2,,,,,,,,,,,
47783,"Winkels in schilderijen, lijsten, prenten, kunstvoorwerpen en religieuze artikelen",2,,,,,,,,,,,
47789,Winkels gespecialiseerd in overige artikelen (rest),2,,,,,,,,,,,
4779,Winkels in antiek en tweedehands goederen ,2,,,,,,,,,,,
47791,Winkels in antiek,2,,,,,,,,,,,
47792,Winkels in tweedehands kleding,2,,,,,,,,,,,
47793,Winkels in tweedehands goederen (geen kleding),2,,,,,,,,,,,
478 ,Markthandel,0,,,,,,,,,,,
4781,Markthandel in voedings- en genotmiddelen,0,,,,,,,,,,,
47811,"Markthandel in aardappelen, groenten en fruit",0,,,,,,,,,,,
47819,Markthandel in overige voedings- en genotmiddelen,0,,,,,,,,,,,
4782,"Markthandel in textiel, kleding en schoenen",0,,,,,,,,,,,
4789,"Markthandel in non-food artikelen (geen textiel, kleding en schoenen)",0,,,,,,,,,,,
47891,"Markthandel in bloemen, planten, zaden en tuinbenodigdheden",0,,,,,,,,,,,
47892,Markthandel in tweedehands goederen,0,,,,,,,,,,,
47899,Markthandel in overige goederen,0,,,,,,,,,,,
479 ,Detailhandel niet via winkel of markt,0,,,,,,,,,,,
4791,Detailhandel via internet,0,,,,,,,,,,,
47911,Detailhandel via internet in voedingsmiddelen en drogisterijwaren ,0,,,,,,,,,,,
47912,Detailhandel via internet in consumentenelektronica ,0,,,,,,,,,,,
47913,"Detailhandel via internet in boeken, tijdschriften, cd's, dvd’s ",0,,,,,,,,,,,
47914,Detailhandel via internet in kleding en mode-artikelen,0,,,,,,,,,,,
47915,Detailhandel via internet in huis- en tuinartikelen,0,,,,,,,,,,,
47916,Detailhandel via internet in vrijetijdsartikelen,0,,,,,,,,,,,
47918,Detailhandel via internet in overige non-food,0,,,,,,,,,,,
47919,Detailhandel via internet in een algemeen assortiment non-food,0,,,,,,,,,,,
4799,"Colportage, straathandel en detailhandel via overige distributievormen",0,,,,,,,,,,,
47991 ,Colportage,0,,,,,,,,,,,
47992,Straathandel,0,,,,,,,,,,,
47999,Detailhandel via overige distributievormen,0,,,,,,,,,,,
H,Vervoer en opslag ,0,,,,,,,,,,,
49 ,Vervoer over land,0,,,,,,,,,,,
491 ,Personenvervoer per spoor (geen tram of metro),0,,,,,,,,,,,
4910,Personenvervoer per spoor (geen tram of metro),0,,,,,,,,,,,
492 ,Goederenvervoer per spoor,0,,,,,,,,,,,
4920,Goederenvervoer per spoor,0,,,,,,,,,,,
493,Personenvervoer over de weg,0,,,,,,,,,,,
4931,Openbaar vervoer binnen steden,0,,,,,,,,,,,
4932,Vervoer per taxi,0,,,,,,,,,,,
4939,"Vervoer per bus, tram en metro (geen stadsvervoer)",0,,,,,,,,,,,
49391,Ongeregeld besloten busvervoer,0,,,,,,,,,,,
49392,"Streekvervoer per bus, tram en metro",0,,,,,,,,,,,
49393,Geregeld besloten busvervoer,0,,,,,,,,,,,
494 ,Goederenvervoer over de weg,0,,,,,,,,,,,
4941,Goederenvervoer over de weg (geen verhuizingen),0,,,,,,,,,,,
4942,Verhuisvervoer,0,,,,,,,,,,,
495 ,Transport via pijpleidingen,0,,,,,,,,,,,
4950,Transport via pijpleidingen,0,,,,,,,,,,,
50,Vervoer over water,0,,,,,,,,,,,
501 ,Zee- en kustvaart (passagiersvaart en veerdiensten),0,,,,,,,,,,,
5010,Zee- en kustvaart (passagiersvaart en veerdiensten),0,,,,,,,,,,,
502,"Zee- en kustvaart (vracht-, tank- en sleepvaart)",0,,,,,,,,,,,
5020,"Zee- en kustvaart (vracht-, tank- en sleepvaart)",0,,,,,,,,,,,
50201,Zee- en kustvaart (vracht- en tankvaart; geen sleepvaart),0,,,,,,,,,,,
50202,Zee- en kustsleepvaart ,0,,,,,,,,,,,
503 ,Binnenvaart (passagiersvaart en veerdiensten),0,,,,,,,,,,,
5030,Binnenvaart (passagiersvaart en veerdiensten),0,,,,,,,,,,,
504,"Binnenvaart (vracht-, tank- en sleepvaart)",0,,,,,,,,,,,
5040,"Binnenvaart (vracht-, tank- en sleepvaart)",0,,,,,,,,,,,
50401,Binnenvaart (vrachtvaart),0,,,,,,,,,,,
50402,Binnenvaart (tankvaart) ,0,,,,,,,,,,,
50403,Binnenvaart (sleep- en duwvaart),0,,,,,,,,,,,
51,Luchtvaart,0,,,,,,,,,,,
511 ,Personenvervoer door de lucht,0,,,,,,,,,,,
5110,Personenvervoer door de lucht,0,,,,,,,,,,,
512,Goederenvervoer door de lucht,0,,,,,,,,,,,
5121,Goederenvervoer door de lucht,0,,,,,,,,,,,
52 ,Opslag en dienstverlening voor vervoer,0,,,,,,,,,,,
521 ,Opslag,0,,,,,,,,,,,
5210,Opslag,0,,,,,,,,,,,
52101,Opslag in tanks,0,,,,,,,,,,,
52102,Opslag in koelhuizen e.d.,0,,,,,,,,,,,
52109,"Opslag in distributiecentra en overige opslag (niet in tanks, koelhuizen e.d.)",0,,,,,,,,,,,
522 ,Dienstverlening voor vervoer,0,,,,,,,,,,,
5221,Dienstverlening voor vervoer over land,0,,,,,,,,,,,
5222,Dienstverlening voor vervoer over water,0,,,,,,,,,,,
5223,Dienstverlening voor de luchtvaart,0,,,,,,,,,,,
5224,"Laad-, los- en overslagactiviteiten ",0,,,,,,,,,,,
52241,"Laad-, los- en overslagactiviteiten voor zeevaart",0,,,,,,,,,,,
52242,"Laad-, los- en overslagactiviteiten niet voor zeevaart",0,,,,,,,,,,,
5229,"Expediteurs, cargadoors en bevrachters; weging en meting",0,,,,,,,,,,,
52291,"Expediteurs, cargadoors, bevrachters en andere tussenpersonen in het goederenvervoer",0,,,,,,,,,,,
52292,Weging en meting,0,,,,,,,,,,,
53 ,Post en koeriers,0,,,,,,,,,,,
531,Nationale post met universele dienstverplichting,0,,,,,,,,,,,
5310,Nationale post met universele dienstverplichting ,0,,,,,,,,,,,
532,Post zonder universele dienstverplichting en koeriers,0,,,,,,,,,,,
5320,Post zonder universele dienstverplichting en koeriers ,0,,,,,,,,,,,
53201,Post zonder universele dienstverplichting ,0,,,,,,,,,,,
53202,Koeriers,0,,,,,,,,,,,
I ,"Logies-, maaltijd- en drankverstrekking ",0,,,,,,,,,,,
55 ,Logiesverstrekking,0,,,,,,,,,,,
551 ,Hotels e.d.,0,,,,,,,,,,,
5510,Hotels e.d.,0,,,,,,,,,,,
55101,Hotel-restaurants,0,,,,,,,,,,,
55102,"Hotels (geen hotel-restaurants), pensions en conferentieoorden",0,,,,,,,,,,,
552,Verhuur van vakantiehuisjes en appartementen; jeugdherbergen en vakantiekampen ,0,,,,,,,,,,,
5520,Verhuur van vakantiehuisjes en appartementen; jeugdherbergen en vakantiekampen ,0,,,,,,,,,,,
55201 ,Verhuur van vakantiehuisjes en appartementen,0,,,,,,,,,,,
55202,"Jeugdherbergen , vakantiekampen, groepsaccommodaties",0,,,,,,,,,,,
553 ,Kampeerterreinen,0,,,,,,,,,,,
5530,Kampeerterreinen,0,,,,,,,,,,,
559 ,Overige logiesverstrekking,0,,,,,,,,,,,
5590,Overige logiesverstrekking,0,,,,,,,,,,,
56,Eet- en drinkgelegenheden,1,,,,,,,,,,,
561 ,"Restaurants, cafetaria’s e.d.",1,,,,,,,,,,,
5610,"Restaurants, cafetaria’s e.d. en ijssalons ",1,,,,,,,,,,,
56101,Restaurants,1,,,,,,,,,,,
56102,"Fastfoodrestaurants, cafetaria's,  ijssalons, eetkramen e.d.  ",1,,,,,,,,,,,
562 ,Kantines en catering,0,,,,,,,,,,,
5621,Eventcatering,0,,,,,,,,,,,
5629,Kantines en contractcatering ,0,,,,,,,,,,,
563,Cafés,1,,,,,,,,,,,
5630,Cafés,1,,,,,,,,,,,
 J ,Informatie en communicatie,0,,,,,,,,,,,
58,Uitgeverijen,0,,,,,,,,,,,
581 ,"Uitgeverijen van boeken, tijdschriften e.d.; databanken",0,,,,,,,,,,,
5811,Uitgeverijen van boeken en databanken,0,,,,,,,,,,,
5812,Databanken,0,,,,,,,,,,,
5813,Uitgeverijen van kranten,0,,,,,,,,,,,
5814,Uitgeverijen van tijdschriften,0,,,,,,,,,,,
5819,Overige uitgeverijen (niet van software),0,,,,,,,,,,,
582 ,Uitgeverijen van software,0,,,,,,,,,,,
5821,Uitgeverijen van computerspellen,0,,,,,,,,,,,
5829,Overige uitgeverijen van software,0,,,,,,,,,,,
59,Productie en distributie van films en televisieprogramma´s; maken en uitgeven van geluidsopnamen,0,,,,,,,,,,,
591,Productie en distributie van films en televisieprogramma's,0,,,,,,,,,,,
5911,Productie van films en televisieprogramma's,0,,,,,,,,,,,
59111,Productie van films (geen televisiefilms),0,,,,,,,,,,,
59112,Productie van televisieprogramma’s,0,,,,,,,,,,,
5912,Facilitaire activiteiten voor film- en televisieproductie,0,,,,,,,,,,,
5913,Distributie van films en televisieproducties,0,,,,,,,,,,,
5914,Bioscopen,4,,,,,,,,,,,
592,Maken en uitgeven van geluidsopnamen ,0,,,,,,,,,,,
5920,Maken en uitgeven van geluidsopnamen ,0,,,,,,,,,,,
60,Verzorgen en uitzenden van radio- en televisieprogramma's,0,,,,,,,,,,,
601 ,Radio-omroepen,0,,,,,,,,,,,
6010,Radio-omroepen,0,,,,,,,,,,,
602,Televisieomroepen,0,,,,,,,,,,,
6020,Televisieomroepen,0,,,,,,,,,,,
61 ,Telecommunicatie,0,,,,,,,,,,,
611 ,Draadgebonden telecommunicatie,0,,,,,,,,,,,
6110,Draadgebonden telecommunicatie,0,,,,,,,,,,,
612 ,Draadloze telecommunicatie,0,,,,,,,,,,,
6120,Draadloze telecommunicatie,0,,,,,,,,,,,
613,Telecommunicatie via satelliet,0,,,,,,,,,,,
6130,Telecommunicatie via satelliet,0,,,,,,,,,,,
619 ,Overige telecommunicatie,0,,,,,,,,,,,
6190,Overige telecommunicatie,0,,,,,,,,,,,
62 ,Dienstverlenende activiteiten op het gebied van informatietechnologie,0,,,,,,,,,,,
620 ,Dienstverlenende activiteiten op het gebied van informatietechnologie,0,,,,,,,,,,,
6201,"Ontwikkelen, produceren en uitgeven van software",0,,,,,,,,,,,
6202,Advisering en ondersteuning op het gebied van informatietechnologie,0,,,,,,,,,,,
6203,Beheer van computerfaciliteiten,0,,,,,,,,,,,
6209,Overige dienstverlenende activiteiten op het gebied van informatietechnologie,0,,,,,,,,,,,
63,Dienstverlenende activiteiten op het gebied van informatie,0,,,,,,,,,,,
631 ,"Gegevensverwerking, webhosting en aanverwante activiteiten; webportals",0,,,,,,,,,,,
6311,"Gegevensverwerking, webhosting en aanverwante activiteiten",0,,,,,,,,,,,
6312,Webportals,0,,,,,,,,,,,
639,Overige dienstverlenende activiteiten op het gebied van informatie,0,,,,,,,,,,,
6391,Persagentschappen,0,,,,,,,,,,,
6399,Overige dienstverlenende activiteiten op het gebied van informatie (rest),0,,,,,,,,,,,
 K,Financiële instellingen ,0,,,,,,,,,,,
64,Financiële instellingen (geen verzekeringen en pensioenfondsen),0,,,,,,,,,,,
641 ,Geldscheppende financiële instellingen,0,,,,,,,,,,,
6411,Centrale banken,0,,,,,,,,,,,
6419,Overige geldscheppende financiële instellingen,0,,,,,,,,,,,
64191,Coöperatief georganiseerde banken,0,,,,,,,,,,,
64192,Effectenkredietinstellingen,0,,,,,,,,,,,
64193,Spaarbanken,0,,,,,,,,,,,
64194,Algemene banken,0,,,,,,,,,,,
642,Financiële holdings,0,,,,,,,,,,,
6420,Financiële holdings,0,,,,,,,,,,,
643,Beleggingsinstellingen,0,,,,,,,,,,,
6430,Beleggingsinstellingen,0,,,,,,,,,,,
64301 ,Beleggingsinstellingen in financiële activa,0,,,,,,,,,,,
64302,Beleggingsinstellingen in vaste activa,0,,,,,,,,,,,
64303,Beleggingsinstellingen met beperkte toetreding,0,,,,,,,,,,,
649,Kredietverstrekking en overige financiële intermediatie,0,,,,,,,,,,,
6491,Financiële lease,0,,,,,,,,,,,
6492,Overige kredietverstrekking,0,,,,,,,,,,,
64921,Hypotheekbanken en bouwfondsen,0,,,,,,,,,,,
64922,Volkskredietbanken en commerciële financieringsmaatschappijen,0,,,,,,,,,,,
64923,Participatiemaatschappijen,0,,,,,,,,,,,
64924,Wisselmakelaars en overige kredietverstrekking,0,,,,,,,,,,,
6499,Overige financiële intermediatie,0,,,,,,,,,,,
65 ,Verzekeringen en pensioenfondsen (geen verplichte sociale verzekeringen),0,,,,,,,,,,,
651 ,Verzekeringen (geen herverzekering),0,,,,,,,,,,,
6511,"Levensverzekeringen (geen herverzekering), naturaverzekeringen en spaarkassen",0,,,,,,,,,,,
65111,Levensverzekeringen (geen herverzekering) ,0,,,,,,,,,,,
65112,Naturaverzekeringen ,0,,,,,,,,,,,
65113,Spaarkassen,0,,,,,,,,,,,
6512,Schadeverzekeringen (geen herverzekering),0,,,,,,,,,,,
65121,"Schadeverzekeringen, exclusief zorgverzekeringen",0,,,,,,,,,,,
65122,Zorgverzekeringen,0,,,,,,,,,,,
652 ,Herverzekering,0,,,,,,,,,,,
6520,Herverzekering,0,,,,,,,,,,,
653 ,Pensioenfondsen,0,,,,,,,,,,,
6530,Pensioenfondsen,0,,,,,,,,,,,
65301,Bedrijfstakpensioenfondsen,0,,,,,,,,,,,
65302,Ondernemingspensioenfondsen en -spaarfondsen,0,,,,,,,,,,,
65303,Beroepspensioenfondsen,0,,,,,,,,,,,
65309,Overige pensioenfondsen,0,,,,,,,,,,,
66 ,Overige financiële dienstverlening,0,,,,,,,,,,,
661 ,"Financiële bemiddeling, advisering e.d. (niet voor verzekeringen en pensioenfondsen)",0,,,,,,,,,,,
6611,Beheer van financiële markten,0,,,,,,,,,,,
6612,"Commissionairs en makelaars in effecten, beleggingsadviseurs e.d.",0,,,,,,,,,,,
6619,"Administratiekantoren voor aandelen en obligaties, marketmakers, hypotheek- en krediet-",0,,,,,,,,,,,
66191,Administratiekantoren voor aandelen en obligaties,0,,,,,,,,,,,
66192,Marketmakers,0,,,,,,,,,,,
66193,"Hypotheek- en kredietbemiddeling, geldwisselkantoren, bank- en spaaragentschappen e.d.",0,,,,,,,,,,,
662,Dienstverlening op het gebied van verzekeringen en pensioenfondsen,0,,,,,,,,,,,
6621,Risicoanalisten en schadetaxateurs,0,,,,,,,,,,,
6622,Assurantietussenpersonen,0,,,,,,,,,,,
6629,Overige dienstverlening op het gebied van verzekeringen en pensioenfondsen (geen taxateurs en assurantietussenpersonen),0,,,,,,,,,,,
66291,Verzekeringsbeurzen,0,,,,,,,,,,,
66292,Actuariële en pensioenadviesbureaus; beheer en administratie van pensioenvermogens,0,,,,,,,,,,,
66293,Waarborgfondsen,0,,,,,,,,,,,
66299,Overige dienstverlening  op het gebied van verzekeringen en pensioenfondsen (rest),0,,,,,,,,,,,
663 ,Vermogensbeheer,0,,,,,,,,,,,
6630,Vermogensbeheer,0,,,,,,,,,,,
 L ,Verhuur van en handel in onroerend goed,0,,,,,,,,,,,
68 ,Verhuur van en handel in onroerend goed,0,,,,,,,,,,,
681 ,Handel in eigen onroerend goed,0,,,,,,,,,,,
6810,Handel in eigen onroerend goed,0,,,,,,,,,,,
682 ,Verhuur van onroerend goed,0,,,,,,,,,,,
6820,Verhuur van onroerend goed,0,,,,,,,,,,,
68201,Woningbouwverenigingen en -stichtingen,0,,,,,,,,,,,
68202,Gemeentelijke woningbedrijven,0,,,,,,,,,,,
68203,Verhuur van overige woonruimte,0,,,,,,,,,,,
68204,Verhuur van onroerend goed (niet van woonruimte),0,,,,,,,,,,,
683,Bemiddeling in en beheer van onroerend,0,,,,,,,,,,,
6831,"Bemiddeling bij handel, huur of verhuur van onroerend goed",0,,,,,,,,,,,
6832,Beheer van onroerend goed,0,,,,,,,,,,,
M ,"Advisering, onderzoek en overige specialistische zakelijke dienstverlening ",0,,,,,,,,,,,
69 ,"Rechtskundige dienstverlening, accountancy, belastingadvisering en administratie ",0,,,,,,,,,,,
691 ,Rechtskundige dienstverlening,0,,,,,,,,,,,
6910 ,Rechtskundige dienstverlening,0,,,,,,,,,,,
69101,"Advocatenkantoren, bewindvoerders en curatoren ",0,,,,,,,,,,,
69102,Rechtskundige adviesbureaus,0,,,,,,,,,,,
69103,Notariskantoren,0,,,,,,,,,,,
69104,Deurwaarderskantoren,0,,,,,,,,,,,
69105,Octrooibureaus,0,,,,,,,,,,,
692 ,"Accountancy, belastingadvisering en administratie",0,,,,,,,,,,,
6920,"Accountancy, belastingadvisering en administratie",0,,,,,,,,,,,
69201,Registeraccountants,0,,,,,,,,,,,
69202,Accountants-administratieconsulenten,0,,,,,,,,,,,
69203,Boekhoudkantoren ,0,,,,,,,,,,,
69204,Belastingconsulenten,0,,,,,,,,,,,
69209,Overige administratiekantoren,0,,,,,,,,,,,
70 ,"Holdings (geen financiële), concerndiensten binnen eigen concern en managementadvisering",0,,,,,,,,,,,
701 ,Holdings (geen financiële) en concerndiensten binnen eigen concern,0,,,,,,,,,,,
7010 ,Holdings (geen financiële) en concerndiensten binnen eigen concern,0,,,,,,,,,,,
70101,Concerndiensten binnen eigen concern,0,,,,,,,,,,,
70102,Holdings (geen financiële),0,,,,,,,,,,,
702 ,Advisering op het gebied van management en bedrijfsvoering,0,,,,,,,,,,,
7021,Adviesbureaus op het gebied van public relations en communicatie,0,,,,,,,,,,,
7022,Advisering op het gebied van management en bedrijfsvoering (geen public relations),0,,,,,,,,,,,
70221,Organisatieadviesbureaus,0,,,,,,,,,,,
70222,Advisering op het gebied van management en bedrijfsvoering (geen public relations en organisatieadviesbureaus),0,,,,,,,,,,,
71,"Architecten, ingenieurs en technisch ontwerp en advies; keuring en controle",0,,,,,,,,,,,
711 ,"Architecten, ingenieurs en technisch ontwerp en advies",0,,,,,,,,,,,
7111,Architecten ,0,,,,,,,,,,,
71111,Architecten (geen interieurarchitecten),0,,,,,,,,,,,
71112,Interieurarchitecten,0,,,,,,,,,,,
7112,Ingenieurs en overig technisch ontwerp en advies,0,,,,,,,,,,,
712 ,Keuring en controle,0,,,,,,,,,,,
7120,Keuring en controle ,0,,,,,,,,,,,
71201,Keuring en controle van agrarische producten en voedingsmiddelen,0,,,,,,,,,,,
71202,"Keuring en controle van machines, apparaten en materialen",0,,,,,,,,,,,
71203,Overige keuring en controle,0,,,,,,,,,,,
72 ,Speur- en ontwikkelingswerk ,0,,,,,,,,,,,
721,Natuurwetenschappelijk speur- en ontwikkelingswerk,0,,,,,,,,,,,
7211,Biotechnologisch speur- en ontwikkelingswerk,0,,,,,,,,,,,
72111,Biotechnologisch speur- en ontwikkelingswerk op het gebied van agrarische producten en processen,0,,,,,,,,,,,
72112,Biotechnologisch speur- en ontwikkelingswerk op het gebied van medische producten en farmaceutische processen en van voeding,0,,,,,,,,,,,
72113,Biotechnologisch speur- en ontwikkelingswerk voor overige toepassingen,0,,,,,,,,,,,
7219,Natuurwetenschappelijk speur- en ontwikkelingswerk (niet biotechnologisch),0,,,,,,,,,,,
72191,Speur- en ontwikkelingswerk op het gebied van landbouw en visserij (niet biotechnologisch),0,,,,,,,,,,,
72192,Technisch speur- en ontwikkelingswerk,0,,,,,,,,,,,
72193,Speur- en ontwikkelingswerk op het gebied van gezondheid en voeding (niet biotechnologisch),0,,,,,,,,,,,
72199,Overig natuurwetenschappelijk speur- en ontwikkelingswerk (niet biotechnologisch),0,,,,,,,,,,,
722,Speur- en ontwikkelingswerk op het gebied van de maatschappij- en geesteswetenschappen,0,,,,,,,,,,,
7220,Speur- en ontwikkelingswerk op het gebied van de maatschappij- en geesteswetenschappen,0,,,,,,,,,,,
73 ,Reclame en marktonderzoek,0,,,,,,,,,,,
731 ,Reclamebureaus en  handel in advertentieruimte en -tijd,0,,,,,,,,,,,
7311,Reclamebureaus,0,,,,,,,,,,,
7312,Handel in advertentieruimte en -tijd,0,,,,,,,,,,,
732 ,Markt- en opinieonderzoekbureaus,0,,,,,,,,,,,
7320,Markt- en opinieonderzoekbureaus,0,,,,,,,,,,,
74 ,"Industrieel ontwerp en vormgeving, fotografie, vertaling en overige consultancy",0,,,,,,,,,,,
741 ,Industrieel ontwerp en vormgeving,0,,,,,,,,,,,
7410,Industrieel ontwerp en vormgeving,0,,,,,,,,,,,
74101,Communicatie- en grafisch ontwerp,0,,,,,,,,,,,
74102,Industrieel- en productontwerp,0,,,,,,,,,,,
74103,Interieur- en ruimtelijk ontwerp,0,,,,,,,,,,,
742 ,Fotografie en ontwikkelen van foto's en films,0,,,,,,,,,,,
7420,Fotografie en ontwikkelen van foto's en films,0,,,,,,,,,,,
74201,Fotografie,0,,,,,,,,,,,
74202,Ontwikkelwinkels,2,,,,,,,,,,,
74203,Ontwikkelcentrales,0,,,,,,,,,,,
743 ,Vertalers en tolken,0,,,,,,,,,,,
7430,Vertalers en tolken,0,,,,,,,,,,,
749,Overige specialistische zakelijke dienstverlening,0,,,,,,,,,,,
7490,Overige specialistische zakelijke dienstverlening,0,,,,,,,,,,,
75,Veterinaire dienstverlening,0,,,,,,,,,,,
750,Veterinaire dienstverlening,0,,,,,,,,,,,
7500,Veterinaire dienstverlening,0,,,,,,,,,,,
N,Verhuur van roerende goederen en overige zakelijke dienstverlening ,0,,,,,,,,,,,
77,"Verhuur en lease van auto's, consumentenartikelen, machines en overige roerende goederen",0,,,,,,,,,,,
771 ,Verhuur en lease van auto's,0,,,,,,,,,,,
7711,Verhuur en lease van personenauto's en lichte bedrijfsauto’s,0,,,,,,,,,,,
77111,Verhuur van personenauto’s en lichte bedrijfsauto’s (geen operational lease),0,,,,,,,,,,,
77112,Operational lease van personenauto’s en lichte bedrijfsauto’s,0,,,,,,,,,,,
7712,"Verhuur en lease van vrachtwagens, autobussen, caravans en aanhangwagens",0,,,,,,,,,,,
772 ,Verhuur van consumentenartikelen,0,,,,,,,,,,,
7721,Verhuur van sport- en recreatieartikelen,0,,,,,,,,,,,
7722,Videotheken,2,,,,,,,,,,,
7729,Verhuur van overige consumentenartikelen,0,,,,,,,,,,,
77291,Verhuur van leesportefeuilles,0,,,,,,,,,,,
77292,Verhuur van kleding en huishoudelijke artikelen,0,,,,,,,,,,,
77299,Verhuur van overige consumentenartikelen (rest) ,0,,,,,,,,,,,
773,Verhuur en lease van machines en werktuigen en van overige goederen,0,,,,,,,,,,,
7731,Verhuur en lease van landbouwmachines en ‑werktuigen,0,,,,,,,,,,,
7732,Verhuur en lease van machines en installaties voor de bouw,0,,,,,,,,,,,
7733,Verhuur en lease van computers en kantoorapparatuur,0,,,,,,,,,,,
7734,Verhuur en lease van schepen,0,,,,,,,,,,,
7735,Verhuur en lease van vliegtuigen,0,,,,,,,,,,,
7739,Verhuur en lease van overige machines en werktuigen en van overige goederen,0,,,,,,,,,,,
77391,Verhuur van automaten,0,,,,,,,,,,,
77399,Verhuur en lease van overige machines en werktuigen en van overige  goederen (geen automaten),0,,,,,,,,,,,
774 ,Lease van niet-financiële immateriële activa,0,,,,,,,,,,,
7740,Lease van niet-financiële immateriële activa,0,,,,,,,,,,,
78,"Arbeidsbemiddeling, uitzendbureaus en personeelsbeheer",0,,,,,,,,,,,
781 ,Arbeidsbemiddeling,0,,,,,,,,,,,
7810,Arbeidsbemiddeling,0,,,,,,,,,,,
782 ,"Uitzendbureaus, uitleenbureaus en banenpools",0,,,,,,,,,,,
7820,"Uitzendbureaus, uitleenbureaus en banenpools",0,,,,,,,,,,,
78201,Uitzendbureaus ,0,,,,,,,,,,,
78202,Uitleenbureaus,0,,,,,,,,,,,
78203,Banenpools (werkgelegenheidsprojecten),0,,,,,,,,,,,
783,Payrolling (personeelsbeheer),0,,,,,,,,,,,
7830,Payrolling (personeelsbeheer),0,,,,,,,,,,,
79,"Reisbemiddeling, reisorganisatie, toeristische informatie en reserveringsbureaus",0,,,,,,,,,,,
791,Reisbemiddeling en reisorganisatie,0,,,,,,,,,,,
7911,Reisbemiddeling,0,,,,,,,,,,,
7912,Reisorganisatie,0,,,,,,,,,,,
799 ,Informatieverstrekking op het gebied van toerisme en reserveringsbureaus,0,,,,,,,,,,,
7990,Informatieverstrekking op het gebied van toerisme en reserveringsbureaus,0,,,,,,,,,,,
80 ,Beveiliging en opsporing,0,,,,,,,,,,,
801,Particuliere beveiliging ,0,,,,,,,,,,,
8010,Particuliere beveiliging ,0,,,,,,,,,,,
802 ,Beveiliging via  beveiligingssystemen,0,,,,,,,,,,,
8020,Beveiliging via  beveiligingssystemen,0,,,,,,,,,,,
803 ,Opsporing,0,,,,,,,,,,,
8030,Opsporing,0,,,,,,,,,,,
81,"Facility management, reiniging en landschapsverzorging",0,,,,,,,,,,,
811 ,Facility management,0,,,,,,,,,,,
8110,Facility management,0,,,,,,,,,,,
812 ,Reiniging,0,,,,,,,,,,,
8121,Interieurreiniging van gebouwen,0,,,,,,,,,,,
8122,Gespecialiseerde reiniging van gebouwen en industriële reiniging,0,,,,,,,,,,,
81221,Glazenwassen,0,,,,,,,,,,,
81222,Schoorsteenvegen,0,,,,,,,,,,,
81229,Overige gespecialiseerde reiniging ,0,,,,,,,,,,,
8129,Overige reiniging ,0,,,,,,,,,,,
813 ,Landschapsverzorging,0,,,,,,,,,,,
8130,Landschapsverzorging,0,,,,,,,,,,,
82 ,Overige zakelijke dienstverlening,0,,,,,,,,,,,
821 ,Brede administratieve en secretariële dienstverlening ,0,,,,,,,,,,,
8211,Brede administratieve dienstverlening ,0,,,,,,,,,,,
8219,Secretariële dienstverlening ,0,,,,,,,,,,,
822 ,Callcenters,0,,,,,,,,,,,
8220,Callcenters,0,,,,,,,,,,,
823 ,Organiseren van congressen en beurzen,0,,,,,,,,,,,
8230,Organiseren van congressen en beurzen,0,,,,,,,,,,,
829 ,Overige zakelijke dienstverlening(rest),0,,,,,,,,,,,
8291,Kredietinformatie- en incassobureaus,0,,,,,,,,,,,
8292,"Pakken, sorteren e.d. voor derden",0,,,,,,,,,,,
8299,Overige zakelijke dienstverlening (rest),0,,,,,,,,,,,
82991,"Veilingen van landbouw-, tuinbouw- en visserijproducten",0,,,,,,,,,,,
82992,"Veilingen van huisraad, kunst, antiek, machines e.d. roerende goederen",0,,,,,,,,,,,
82999,Overige zakelijke dienstverlening (rest) ,0,,,,,,,,,,,
O,"Openbaar bestuur, overheidsdiensten en verplichte sociale verzekeringen",0,,,,,,,,,,,
84,"Openbaar bestuur, overheidsdiensten en verplichte sociale verzekeringen",0,,,,,,,,,,,
841,Openbaar bestuur,0,,,,,,,,,,,
8411,Algemeen overheidsbestuur,0,,,,,,,,,,,
8412,"Openbaar bestuur op het gebied van gezondheidszorg, onderwijs, cultuur en welzijn (geen sociale verzekeringen)",0,,,,,,,,,,,
8413,Openbaar bestuur op het gebied van het bedrijfsleven,0,,,,,,,,,,,
842 ,Overheidsdiensten,0,,,,,,,,,,,
8421,Buitenlandse zaken,0,,,,,,,,,,,
8422,Defensie,0,,,,,,,,,,,
8423,Justitie,0,,,,,,,,,,,
84231,Rechtspraak,0,,,,,,,,,,,
84232,Ministerie van Justitie en gevangeniswezen,0,,,,,,,,,,,
8424,Politie,0,,,,,,,,,,,
8425,Brandweer,0,,,,,,,,,,,
843,Verplichte sociale verzekeringen,0,,,,,,,,,,,
8430,Verplichte sociale verzekeringen,0,,,,,,,,,,,
P,Onderwijs ,0,,,,,,,,,,,
85,Onderwijs,0,,,,,,,,,,,
852,Primair en speciaal onderwijs,0,,,,,,,,,,,
8520,Primair en speciaal onderwijs,0,,,,,,,,,,,
85201,Basisonderwijs voor leerplichtigen,0,,,,,,,,,,,
85202,Speciaal basisonderwijs,0,,,,,,,,,,,
85203,Speciaal onderwijs in expertisecentra,0,,,,,,,,,,,
853,Voortgezet onderwijs,0,,,,,,,,,,,
8531,Algemeen vormend voortgezet onderwijs,0,,,,,,,,,,,
85311,Havo en vwo,0,,,,,,,,,,,
85312,Voorbereidend middelbaar beroepsonderwijs,0,,,,,,,,,,,
85313,Praktijkonderwijs,0,,,,,,,,,,,
85314,Brede scholengemeenschappen voor voortgezet onderwijs,0,,,,,,,,,,,
8532,Middelbaar beroepsonderwijs en educatie,0,,,,,,,,,,,
85321,Middelbaar beroepsonderwijs,0,,,,,,,,,,,
85322,Volwassenen onderwijs,0,,,,,,,,,,,
85323,Middelbaar beroepsonderwijs en educatie (gecombineerd),0,,,,,,,,,,,
854,Tertiair onderwijs,0,,,,,,,,,,,
8541,Niet-universitair hoger onderwijs,0,,,,,,,,,,,
8542,Universitair hoger onderwijs,0,,,,,,,,,,,
855,Overig onderwijs,0,,,,,,,,,,,
8551,Sport- en recreatieonderwijs,5,,,,,,,,,,,
85511,Zeil- en surfscholen,5,,,,,,,,,,,
85519,Overig sport- en recreatieonderwijs,5,,,,,,,,,,,
8552,Cultureel onderwijs ,4,,,,,,,,,,,
85521,Dansscholen,4,,,,,,,,,,,
85522,Kunstzinnige vorming van amateurs (geen dansscholen),4,,,,,,,,,,,
8553,Auto- en motorrijscholen,0,,,,,,,,,,,
8559,Overig onderwijs (rest),0,,,,,,,,,,,
85591,Afstandsonderwijs,0,,,,,,,,,,,
85592,Bedrijfsopleiding en -training,0,,,,,,,,,,,
85599,"Studiebegeleiding, vorming en onderwijs (rest)",0,,,,,,,,,,,
856,Dienstverlening voor het onderwijs,0,,,,,,,,,,,
8560,Dienstverlening voor het onderwijs,0,,,,,,,,,,,
Q,Gezondheids- en welzijnszorg ,6,,,,,,,,,,,
86,Gezondheidszorg,6,,,,,,,,,,,
861,Ziekenhuizen en geestelijke gezondheids- en verslavingszorg met overnachting,6,,,,,,,,,,,
8610,Ziekenhuizen en geestelijke gezondheids- en verslavingszorg met overnachting,6,,,,,,,,,,,
86101,Universitair medische centra ,6,,,,,,,,,,,
86102,Algemene ziekenhuizen ,6,,,,,,,,,,,
86103,Categorale ziekenhuizen ,6,,,,,,,,,,,
86104,Geestelijke gezondheids- en verslavingszorg met overnachting,6,,,,,,,,,,,
862,Medische en tandheelkundige praktijken ,6,,,,,,,,,,,
8621,Praktijken van huisartsen,6,,,,,,,,,,,
8622,Praktijken van medisch specialisten en medische dagbehandelcentra (geen tandheelkunde),6,,,,,,,,,,,
86221,Praktijken van medisch specialisten en medische dagbehandelcentra (geen tandheelkunde of psychiatrie),6,,,,,,,,,,,
86222,Praktijken van psychiaters en dagbehandelcentra voor geestelijke gezondheids- en verslavingszorg,6,,,,,,,,,,,
8623,Tandartspraktijken,6,,,,,,,,,,,
86231,Praktijken van tandartsen,6,,,,,,,,,,,
86232,Praktijken van tandheelkundig specialisten,6,,,,,,,,,,,
869,Paramedische praktijken en overige gezondheidszorg zonder overnachting,6,,,,,,,,,,,
8691,Praktijken van verloskundigen en paramedici,6,,,,,,,,,,,
86911,Praktijken van verloskundigen,6,,,,,,,,,,,
86912,Praktijken van fysiotherapeuten,6,,,,,,,,,,,
86913,"Praktijken van psychotherapeuten, psychologen en pedagogen",6,,,,,,,,,,,
86919,Overige paramedische praktijken (geen fysiotherapie en psychologie) en alternatieve genezers,6,,,,,,,,,,,
8692,Overige aanbieders van gezondheidszorg zonder overnachting en gezondheidsondersteunende diensten,6,,,,,,,,,,,
86921,Gezondheidscentra,6,,,,,,,,,,,
86922,Arbobegeleiding en re-integratie,6,,,,,,,,,,,
86923,Preventieve gezondheidszorg (geen arbobegeleiding),6,,,,,,,,,,,
86924,"Medische laboratoria, trombosediensten en overig behandelingsondersteunend onderzoek ",6,,,,,,,,,,,
86925,Ambulancediensten en centrale posten,6,,,,,,,,,,,
86929,Samenwerkingsorganen op het gebied van gezondheidszorg en overige ,6,,,,,,,,,,,
87 ,"Verpleging, verzorging en begeleiding met overnachting",6,,,,,,,,,,,
871,Verpleeghuizen,6,,,,,,,,,,,
8710,Verpleeghuizen,6,,,,,,,,,,,
872,Huizen en dagverblijven voor verstandelijk gehandicapten,6,,,,,,,,,,,
8720,Huizen en dagverblijven voor verstandelijk gehandicapten,6,,,,,,,,,,,
873,Huizen en dagverblijven voor niet-verstandelijk gehandicapten en verzorgingshuizen ,6,,,,,,,,,,,
8730,Huizen en dagverblijven voor niet-verstandelijk gehandicapten en verzorgingshuizen ,6,,,,,,,,,,,
87301,Huizen en dagverblijven voor niet-verstandelijk gehandicapten ,6,,,,,,,,,,,
87302,Verzorgingshuizen,6,,,,,,,,,,,
879,Jeugdzorg en maatschappelijke opvang met overnachting,6,,,,,,,,,,,
8790,Jeugdzorg en maatschappelijke opvang met overnachting ,6,,,,,,,,,,,
87901,Jeugdzorg met overnachting en dagverblijven voor jeugdzorg,6,,,,,,,,,,,
87902,Maatschappelijk opvang met overnachting ,6,,,,,,,,,,,
88,Maatschappelijke dienstverlening zonder overnachting,6,,,,,,,,,,,
881,Maatschappelijke dienstverlening zonder overnachting gericht op ouderen en  gehandicapten,6,,,,,,,,,,,
8810,Maatschappelijke dienstverlening zonder overnachting gericht op ouderen en  gehandicapten ,6,,,,,,,,,,,
88101,Thuiszorg,6,,,,,,,,,,,
88102,Welzijnswerk voor ouderen,6,,,,,,,,,,,
88103,Ondersteuning en begeleiding van gehandicapten,6,,,,,,,,,,,
889,Maatschappelijke dienstverlening zonder overnachting niet specifiek gericht op ouderen en ,6,,,,,,,,,,,
8891,Kinderopvang en peuterspeelzaalwerk,0,,,,,,,,,,,
8899,"Ambulante jeugdzorg, maatschappelijk werk en advies en lokaal welzijnswerk ",6,,,,,,,,,,,
88991,Ambulante jeugdzorg,6,,,,,,,,,,,
88992,Maatschappelijk werk ,6,,,,,,,,,,,
88993,Lokaal welzijnswerk,6,,,,,,,,,,,
88999,"Overig maatschappelijk advies, gemeenschapshuizen en samenwerkingsorganen op het gebied van",6,,,,,,,,,,,
R,"Cultuur, sport en recreatie",,,,,,,,,,,,
90,Kunst,4,,,,,,,,,,,
900,Kunst,4,,,,,,,,,,,
9001,Podiumkunst en -vermaak,0,,,,,,,,,,,
90011,Beoefening van podiumkunst,0,,,,,,,,,,,
90012,Producenten van podiumkunst,0,,,,,,,,,,,
90013,Circus en variété,4,,,,,,,,,,,
9002,Dienstverlening voor uitvoerende kunst,0,,,,,,,,,,,
9003,Schrijven en overige scheppende kunst,0,,,,,,,,,,,
9004,"Theaters, schouwburgen en evenementenhallen ",4,,,,,,,,,,,
90041,Theaters en schouwburgen,4,,,,,,,,,,,
90042,Evenementenhallen,4,,,,,,,,,,,
91 ,"Culturele uitleencentra, openbare archieven, musea, dieren- en plantentuinen, natuurbehoud",4,,,,,,,,,,,
910,"Culturele uitleencentra, openbare archieven, musea, dieren- en plantentuinen, natuurbehoud",4,,,,,,,,,,,
9101,Culturele uitleencentra en openbare archieven,4,,,,,,,,,,,
91011,Openbare bibliotheken,3,,,,,,,,,,,
91012,Kunstuitleencentra,4,,,,,,,,,,,
91019,Overige culturele uitleencentra en openbare archieven,4,,,,,,,,,,,
9102,"Musea, kunstgalerieën en –expositieruimten",4,,,,,,,,,,,
91021,Musea,4,,,,,,,,,,,
91022,Kunstgalerieën en –expositieruimten,4,,,,,,,,,,,
9103,Monumentenzorg,0,,,,,,,,,,,
9104,Dieren- en plantentuinen; natuurbehoud ,4,,,,,,,,,,,
91041,"Dieren- en plantentuinen, kinderboerderijen",4,,,,,,,,,,,
91042,Natuurbehoud,4,,,,,,,,,,,
92,Loterijen en kansspelen,0,,,,,,,,,,,
920,Loterijen en kansspelen,0,,,,,,,,,,,
9200,Loterijen en kansspelen,0,,,,,,,,,,,
92001,Loterijen en kansspelen (geen amusementsautomaten),0,,,,,,,,,,,
92009,Exploitatie van amusements- en speelautomaten,0,,,,,,,,,,,
93,Sport en recreatie,5,,,,,,,,,,,
931,Sport,5,,,,,,,,,,,
9311,Sportaccommodaties,5,,,,,,,,,,,
93111,Zwembaden,5,,,,,,,,,,,
93112,"Sporthallen, sportzalen en gymzalen",5,,,,,,,,,,,
93113,Sportvelden,5,,,,,,,,,,,
93119,Overige sportaccommodaties,5,,,,,,,,,,,
9312,Buitensport,5,,,,,,,,,,,
93121,Veldvoetbal,5,,,,,,,,,,,
93122,Veldsport in teamverband (geen voetbal) ,5,,,,,,,,,,,
93123,Atletiek,5,,,,,,,,,,,
93124,Tennis,5,,,,,,,,,,,
93125,Paardensport en maneges,5,,,,,,,,,,,
93126,Wielersport,5,,,,,,,,,,,
93127,Auto- en motorsport,5,,,,,,,,,,,
93128,Wintersport,5,,,,,,,,,,,
93129,Overige buitensport,5,,,,,,,,,,,
9313,Fitnesscentra,5,,,,,,,,,,,
9314,Binnensport,5,,,,,,,,,,,
93141,Individuele zaalsport ,5,,,,,,,,,,,
93142,Zaalsport in teamverband,5,,,,,,,,,,,
93143,Kracht- en vechtsport,5,,,,,,,,,,,
93144,"Bowlen, kegelen, biljarten e.d.",5,,,,,,,,,,,
93145,Denksport,5,,,,,,,,,,,
93146,Sportscholen,5,,,,,,,,,,,
93149,Overige binnensport en omnisport,5,,,,,,,,,,,
9315,Watersport,5,,,,,,,,,,,
93151,Zwem- en onderwatersport,5,,,,,,,,,,,
93152,"Roei-, kano-, zeil- en surfsport e.d.",5,,,,,,,,,,,
9319,Overige sportactiviteiten,5,,,,,,,,,,,
93191,Beroepssportlieden,5,,,,,,,,,,,
93192,Hengelsport,5,,,,,,,,,,,
93193,Verzorgen van vistochten,5,,,,,,,,,,,
93194,Supportersverenigingen (sport),5,,,,,,,,,,,
93195,Organiseren van sportevenementen,0,,,,,,,,,,,
93196,Overkoepelende organen en samenwerkings- en adviesorganen op het gebied van sport,0,,,,,,,,,,,
93199,Overige sportactiviteiten (rest),5,,,,,,,,,,,
932,Overige recreatie,5,,,,,,,,,,,
9321,Pret- en themaparken; kermisattracties,5,,,,,,,,,,,
93211,Pret- en themaparken,5,,,,,,,,,,,
93212,Kermisattracties,5,,,,,,,,,,,
9329,Overige recreatie (rest),5,,,,,,,,,,,
93291,Jachthavens,5,,,,,,,,,,,
93299,"Overige recreatie (rest, geen jachthavens)",5,,,,,,,,,,,
S,Overige dienstverlening,0,,,,,,,,,,,
94,"Levensbeschouwelijke en politieke organisaties, belangen- en ideële organisaties, hobbyclubs ",0,,,,,,,,,,,
941,"Bedrijfs-, werkgevers- en beroepsorganisaties",0,,,,,,,,,,,
9411,Bedrijfs- en werkgeversorganisaties,0,,,,,,,,,,,
9412,Beroepsorganisaties,0,,,,,,,,,,,
942,Werknemersorganisaties,0,,,,,,,,,,,
9420,Werknemersorganisaties,0,,,,,,,,,,,
949,"Levensbeschouwelijke en politieke organisaties, belangen- en ideële organisaties, hobbyclubs",3,,,,,,,,,,,
9491,Levensbeschouwelijke organisaties,3,,,,,,,,,,,
94911,Religieuze organisaties,3,,,,,,,,,,,
94919,Overige levensbeschouwelijke organisaties,3,,,,,,,,,,,
9492,Politieke organisaties,3,,,,,,,,,,,
9499,Overige belangen- en ideële organisaties; hobbyclubs,3,,,,,,,,,,,
94991,Gezelligheidsverenigingen,3,,,,,,,,,,,
94992,Hobbyclubs,3,,,,,,,,,,,
94993,Steunfondsen (niet op het gebied van welzijnszorg),0,,,,,,,,,,,
94994,"Vriendenkringen op het gebied van cultuur, fanclubs en overige kunstbevordering",4,,,,,,,,,,,
94995,"Overkoepelende organen en samenwerkings- en adviesorganen (niet op het gebied van gezondheids- en welzijnszorg, sport en recreatie)",0,,,,,,,,,,,
94996,Overige ideële organisaties (rest),0,,,,,,,,,,,
94997,Overige belangenbehartiging (rest),0,,,,,,,,,,,
95,Reparatie van computers en consumentenartikelen,2,,,,,,,,,,,
951,Reparatie van computers en communicatieapparatuur,2,,,,,,,,,,,
9511,Reparatie van computers en randapparatuur,2,,,,,,,,,,,
9512,Reparatie van communicatieapparatuur,2,,,,,,,,,,,
952,"Reparatie van consumentenartikelen (geen computers, communicatieapparatuur, auto’s en motorfietsen)",2,,,,,,,,,,,
9521,Reparatie van consumentenelektronica (geen computers),2,,,,,,,,,,,
9522,Reparatie van elektrische huishoudelijke apparaten ,2,,,,,,,,,,,
9523,Reparatie van schoenen en lederwaren,2,,,,,,,,,,,
9524,Reparatie en stoffering van meubels,2,,,,,,,,,,,
9525,Reparatie van uurwerken en juweliersartikelen,2,,,,,,,,,,,
9529,Reparatie van overige consumentenartikelen,2,,,,,,,,,,,
96,Wellness en overige dienstverlening; uitvaartbranche,0,,,,,,,,,,,
960,Wellness en overige dienstverlening; uitvaartbranche,0,,,,,,,,,,,
9601,Reinigen van kleding en textiel,2,,,,,,,,,,,
96011,Wasserijen en linnenverhuur,0,,,,,,,,,,,
96012,Chemische wasserijen en ververijen,0,,,,,,,,,,,
96013,Wassalons en -verzendinrichtingen,0,,,,,,,,,,,
9602,Haar- en schoonheidsverzorging,2,,,,,,,,,,,
96021,Haarverzorging,2,,,,,,,,,,,
96022,"Schoonheidsverzorging, pedicures en manicures, visagie en image consulting",2,,,,,,,,,,,
9603,"Uitvaartverzorging, crematoria, mortuaria en begraafplaatsen",0,,,,,,,,,,,
96031,Uitvaartverzorging,0,,,,,,,,,,,
96032,"Crematoria, mortuaria en begraafplaatsen",0,,,,,,,,,,,
9604,"Sauna's, solaria, baden e.d.",5,,,,,,,,,,,
9609,Overige dienstverlening (rest),0,,,,,,,,,,,
T,Huishoudens als werkgever; niet-gedifferentieerde productie van goederen en diensten    door huishoudens voor eigen gebruik,0,,,,,,,,,,,
97,Huishoudens als werkgever van huishoudelijk personeel,0,,,,,,,,,,,
970 ,Huishoudens als werkgever van huishoudelijk personeel,0,,,,,,,,,,,
9700,Huishoudens als werkgever van huishoudelijk personeel,0,,,,,,,,,,,
98,Niet-gespecificeerde productie van goederen en diensten door particuliere huishoudens voor eigen ,0,,,,,,,,,,,
981 ,Niet-gespecificeerde productie van goederen door particuliere huishoudens voor eigen gebruik,0,,,,,,,,,,,
9810,Niet-gespecificeerde productie van goederen door particuliere huishoudens voor eigen gebruik,0,,,,,,,,,,,
982,Niet-gespecificeerde productie van diensten door particuliere huishoudens voor eigen gebruik,0,,,,,,,,,,,
9820,Niet-gespecificeerde productie van diensten door particuliere huishoudens voor eigen gebruik,0,,,,,,,,,,,
 U,Extraterritoriale organisaties en lichamen,0,,,,,,,,,,,
99 ,Extraterritoriale organisaties en lichamen,0,,,,,,,,,,,
990 ,Extraterritoriale organisaties en lichamen,0,,,,,,,,,,,
9900,Extraterritoriale organisaties en lichamen,0,,,,,,,,,,,